system:index,B2_count,Codigo,Estacao,cloud_cover,date,img_qual,lat,lon,.geo
LE07_224072_20170110_00000000000000000002,0,66830000,PCH LAJARI MONTANTE,16.0,2017-01-10,9,-17.931944912954645,-53.37527908210924,"{""type"":""MultiPoint"",""coordinates"":[]}"
LE07_224072_20170126_00000000000000000002,0,66830000,PCH LAJARI MONTANTE,94.0,2017-01-26,9,-17.931944912954645,-53.37527908210924,"{""type"":""MultiPoint"",""coordinates"":[]}"
LE07_224072_20170211_00000000000000000002,0,66830000,PCH LAJARI MONTANTE,69.0,2017-02-11,9,-17.931944912954645,-53.37527908210924,"{""type"":""MultiPoint"",""coordinates"":[]}"
LE07_224072_20170315_00000000000000000002,0,66830000,PCH LAJARI MONTANTE,20.0,2017-03-15,9,-17.931944912954645,-53.37527908210924,"{""type"":""MultiPoint"",""coordinates"":[]}"
LE07_224073_20170211_00000000000000000002,0,66830000,PCH LAJARI MONTANTE,92.0,2017-02-11,9,-17.931944912954645,-53.37527908210924,"{""type"":""MultiPoint"",""coordinates"":[]}"
LE07_224073_20170227_00000000000000000002,0,66830000,PCH LAJARI MONTANTE,21.0,2017-02-27,9,-17.931944912954645,-53.37527908210924,"{""type"":""MultiPoint"",""coordinates"":[]}"
LE07_224073_20170315_00000000000000000002,0,66830000,PCH LAJARI MONTANTE,10.0,2017-03-15,9,-17.931944912954645,-53.37527908210924,"{""type"":""MultiPoint"",""coordinates"":[]}"
LE07_225071_20170306_00000000000000000031,0,66450001,RONDONOPOLIS,88.0,2017-03-06,9,-16.479852032203155,-54.649355730605066,"{""type"":""MultiPoint"",""coordinates"":[]}"
LE07_225071_20170306_00000000000000000032,0,66449000,RONDONOPOLIS,88.0,2017-03-06,9,-16.473720768254665,-54.97487010750661,"{""type"":""MultiPoint"",""coordinates"":[]}"
LE07_225071_20170306_00000000000000000038,0,66380000,SAO PEDRO DA CIPA,88.0,2017-03-06,9,-15.998215609218358,-54.923951632577314,"{""type"":""MultiPoint"",""coordinates"":[]}"
LE07_225071_20170306_00000000000000000039,0,66380100,RIO SAO LOURENCO - SAO PEDRO DA CIPA,88.0,2017-03-06,9,-15.998215609218358,-54.923951632577314,"{""type"":""MultiPoint"",""coordinates"":[]}"
LE07_225071_20170306_0000000000000000001c,0,66384000,PCH PEQUI JUSANTE,88.0,2017-03-06,9,-15.996521150818046,-55.09681760311625,"{""type"":""MultiPoint"",""coordinates"":[]}"
LE07_225071_20170306_0000000000000000002d,0,66420000,PCH POXOREO MONTANTE,88.0,2017-03-06,9,-15.798180335960778,-54.36110160210611,"{""type"":""MultiPoint"",""coordinates"":[]}"
LE07_225071_20170306_0000000000000000002e,0,66420250,PCH POXOREO JUSANTE,88.0,2017-03-06,9,-15.851390788831548,-54.375437611992936,"{""type"":""MultiPoint"",""coordinates"":[]}"
LE07_225071_20170306_0000000000000000001d,0,66388000,PCH CACHOEIRA DA FUMACA JUSANTE,88.0,2017-03-06,9,-15.980004640516086,-55.036731216421074,"{""type"":""MultiPoint"",""coordinates"":[]}"
LE07_225071_20170306_0000000000000000001e,0,66386000,PCH EMBAUBA JUSANTE,88.0,2017-03-06,9,-15.986978674563675,-55.07093698060204,"{""type"":""MultiPoint"",""coordinates"":[]}"
LE07_225071_20170306_0000000000000000001f,0,66385500,CGH CAMBARA JUSANTE,88.0,2017-03-06,9,-15.977467412016672,-55.08253956154311,"{""type"":""MultiPoint"",""coordinates"":[]}"
LE07_225071_20170306_00000000000000000023,0,66400325,PCH SETE QUEDAS ALTAS MONTANTE,88.0,2017-03-06,9,-16.301652976804302,-55.06283033488688,"{""type"":""MultiPoint"",""coordinates"":[]}"
LE07_225071_20170306_00000000000000000024,0,66400360,PCH SAO LOURENCO MONTANTE,88.0,2017-03-06,9,-16.040813401581925,-54.939469304243296,"{""type"":""MultiPoint"",""coordinates"":[]}"
LE07_225071_20170306_00000000000000000025,0,66400390,PCH SAO LOURENCO JUSANTE,88.0,2017-03-06,9,-16.217563249138415,-54.9456674547076,"{""type"":""MultiPoint"",""coordinates"":[]}"
LE07_225071_20170306_00000000000000000027,0,66390090,PCH SAO LOURENCO RIO AREIAL,88.0,2017-03-06,9,-16.045036170279538,-54.88676272979158,"{""type"":""MultiPoint"",""coordinates"":[]}"
LE07_225071_20170306_00000000000000000026,0,66400050,PCH AGUA PRATA JUSANTE,88.0,2017-03-06,9,-16.095544407911927,-55.04060617523651,"{""type"":""MultiPoint"",""coordinates"":[]}"
LE07_225071_20170322_00000000000000000031,73,66450001,RONDONOPOLIS,3.0,2017-03-22,9,-16.479852032203155,-54.649355730605066,"{""type"":""MultiPoint"",""coordinates"":[]}"
LE07_225071_20170322_00000000000000000032,0,66449000,RONDONOPOLIS,3.0,2017-03-22,9,-16.473720768254665,-54.97487010750661,"{""type"":""MultiPoint"",""coordinates"":[]}"
LE07_225071_20170322_00000000000000000038,0,66380000,SAO PEDRO DA CIPA,3.0,2017-03-22,9,-15.998215609218358,-54.923951632577314,"{""type"":""MultiPoint"",""coordinates"":[]}"
LE07_225071_20170322_00000000000000000039,0,66380100,RIO SAO LOURENCO - SAO PEDRO DA CIPA,3.0,2017-03-22,9,-15.998215609218358,-54.923951632577314,"{""type"":""MultiPoint"",""coordinates"":[]}"
LE07_225071_20170322_0000000000000000001c,0,66384000,PCH PEQUI JUSANTE,3.0,2017-03-22,9,-15.996521150818046,-55.09681760311625,"{""type"":""MultiPoint"",""coordinates"":[]}"
LE07_225071_20170322_0000000000000000002d,4,66420000,PCH POXOREO MONTANTE,3.0,2017-03-22,9,-15.798180335960778,-54.36110160210611,"{""type"":""MultiPoint"",""coordinates"":[]}"
LE07_225071_20170322_0000000000000000002e,13,66420250,PCH POXOREO JUSANTE,3.0,2017-03-22,9,-15.851390788831548,-54.375437611992936,"{""type"":""MultiPoint"",""coordinates"":[]}"
LE07_225071_20170322_0000000000000000001d,1,66388000,PCH CACHOEIRA DA FUMACA JUSANTE,3.0,2017-03-22,9,-15.980004640516086,-55.036731216421074,"{""type"":""MultiPoint"",""coordinates"":[]}"
LE07_225071_20170322_0000000000000000001e,0,66386000,PCH EMBAUBA JUSANTE,3.0,2017-03-22,9,-15.986978674563675,-55.07093698060204,"{""type"":""MultiPoint"",""coordinates"":[]}"
LE07_225071_20170322_0000000000000000001f,0,66385500,CGH CAMBARA JUSANTE,3.0,2017-03-22,9,-15.977467412016672,-55.08253956154311,"{""type"":""MultiPoint"",""coordinates"":[]}"
LE07_225071_20170322_00000000000000000023,45,66400325,PCH SETE QUEDAS ALTAS MONTANTE,3.0,2017-03-22,9,-16.301652976804302,-55.06283033488688,"{""type"":""MultiPoint"",""coordinates"":[]}"
LE07_225071_20170322_00000000000000000024,3,66400360,PCH SAO LOURENCO MONTANTE,3.0,2017-03-22,9,-16.040813401581925,-54.939469304243296,"{""type"":""MultiPoint"",""coordinates"":[]}"
LE07_225071_20170322_00000000000000000025,15,66400390,PCH SAO LOURENCO JUSANTE,3.0,2017-03-22,9,-16.217563249138415,-54.9456674547076,"{""type"":""MultiPoint"",""coordinates"":[]}"
LE07_225071_20170322_00000000000000000027,5,66390090,PCH SAO LOURENCO RIO AREIAL,3.0,2017-03-22,9,-16.045036170279538,-54.88676272979158,"{""type"":""MultiPoint"",""coordinates"":[]}"
LE07_225071_20170322_00000000000000000026,0,66400050,PCH AGUA PRATA JUSANTE,3.0,2017-03-22,9,-16.095544407911927,-55.04060617523651,"{""type"":""MultiPoint"",""coordinates"":[]}"
LE07_225072_20170202_00000000000000000031,0,66450001,RONDONOPOLIS,94.0,2017-02-02,9,-16.479852032203155,-54.649355730605066,"{""type"":""MultiPoint"",""coordinates"":[]}"
LE07_225072_20170202_00000000000000000032,0,66449000,RONDONOPOLIS,94.0,2017-02-02,9,-16.473720768254665,-54.97487010750661,"{""type"":""MultiPoint"",""coordinates"":[]}"
LE07_225072_20170202_0000000000000000004a,0,66845000,PEDRO GOMES,94.0,2017-02-02,9,-18.165530462538353,-54.471370712056775,"{""type"":""MultiPoint"",""coordinates"":[]}"
LE07_225072_20170202_00000000000000000035,0,66460000,ACIMA DO CORREGO GRANDE,94.0,2017-02-02,9,-16.61049031576596,-55.20923154067362,"{""type"":""MultiPoint"",""coordinates"":[]}"
LE07_225072_20170202_00000000000000000030,0,66452500,PCH ENG. JOSE GELASIO DA ROCHA MONTANTE,94.0,2017-02-02,9,-16.748735825725944,-54.72301116180588,"{""type"":""MultiPoint"",""coordinates"":[]}"
LE07_225072_20170202_00000000000000000041,0,66484500,PCH SANTA GABRIELA JUSANTE,94.0,2017-02-02,9,-17.532953468894416,-54.44438869158237,"{""type"":""MultiPoint"",""coordinates"":[]}"
LE07_225072_20170202_00000000000000000042,0,66483600,PCH SANTA GABRIELA MONTANTE 1,94.0,2017-02-02,9,-17.545198160387173,-54.41462865115167,"{""type"":""MultiPoint"",""coordinates"":[]}"
LE07_225072_20170202_00000000000000000040,0,66493900,PCH AQUARIUS MONTANTE,94.0,2017-02-02,9,-17.618189185531037,-54.88805586909707,"{""type"":""MultiPoint"",""coordinates"":[]}"
LE07_225072_20170202_0000000000000000001a,0,66521000,UHE ITIQUIRA RIO CACHOEIRA,94.0,2017-02-02,9,-17.124722767451445,-54.72739445814142,"{""type"":""MultiPoint"",""coordinates"":[]}"
LE07_225072_20170202_0000000000000000001b,0,66522100,UHE ITIQUIRA RIO SOZINHO,94.0,2017-02-02,9,-17.29822193033997,-54.75986563201261,"{""type"":""MultiPoint"",""coordinates"":[]}"
LE07_225072_20170202_00000000000000000019,0,66493000,UHE PONTE DE PEDRA JUSANTE,94.0,2017-02-02,9,-17.609997816895852,-54.938889621106355,"{""type"":""MultiPoint"",""coordinates"":[]}"
LE07_225072_20170202_0000000000000000002f,0,66454800,PCH RONDONOPOLIS MONTANTE,94.0,2017-02-02,9,-16.668360529237578,-54.738510997067664,"{""type"":""MultiPoint"",""coordinates"":[]}"
LE07_225072_20170202_00000000000000000017,0,66522000,UHE ITIQUIRA MONTANTE,94.0,2017-02-02,9,-17.086441384907612,-54.914101478350254,"{""type"":""MultiPoint"",""coordinates"":[]}"
LE07_225072_20170202_00000000000000000018,0,66525100,UHE ITIQUIRA JUSANTE,94.0,2017-02-02,9,-17.135348805261806,-54.81869455221072,"{""type"":""MultiPoint"",""coordinates"":[]}"
LE07_225072_20170218_00000000000000000031,0,66450001,RONDONOPOLIS,37.0,2017-02-18,9,-16.479852032203155,-54.649355730605066,"{""type"":""MultiPoint"",""coordinates"":[]}"
LE07_225072_20170218_00000000000000000032,0,66449000,RONDONOPOLIS,37.0,2017-02-18,9,-16.473720768254665,-54.97487010750661,"{""type"":""MultiPoint"",""coordinates"":[]}"
LE07_225072_20170218_0000000000000000004a,0,66845000,PEDRO GOMES,37.0,2017-02-18,9,-18.165530462538353,-54.471370712056775,"{""type"":""MultiPoint"",""coordinates"":[]}"
LE07_225072_20170218_00000000000000000035,0,66460000,ACIMA DO CORREGO GRANDE,37.0,2017-02-18,9,-16.61049031576596,-55.20923154067362,"{""type"":""MultiPoint"",""coordinates"":[]}"
LE07_225072_20170218_00000000000000000030,40,66452500,PCH ENG. JOSE GELASIO DA ROCHA MONTANTE,37.0,2017-02-18,9,-16.748735825725944,-54.72301116180588,"{""type"":""MultiPoint"",""coordinates"":[]}"
LE07_225072_20170218_00000000000000000041,9,66484500,PCH SANTA GABRIELA JUSANTE,37.0,2017-02-18,9,-17.532953468894416,-54.44438869158237,"{""type"":""MultiPoint"",""coordinates"":[]}"
LE07_225072_20170218_00000000000000000042,56,66483600,PCH SANTA GABRIELA MONTANTE 1,37.0,2017-02-18,9,-17.545198160387173,-54.41462865115167,"{""type"":""MultiPoint"",""coordinates"":[]}"
LE07_225072_20170218_00000000000000000040,29,66493900,PCH AQUARIUS MONTANTE,37.0,2017-02-18,9,-17.618189185531037,-54.88805586909707,"{""type"":""MultiPoint"",""coordinates"":[]}"
LE07_225072_20170218_0000000000000000001a,0,66521000,UHE ITIQUIRA RIO CACHOEIRA,37.0,2017-02-18,9,-17.124722767451445,-54.72739445814142,"{""type"":""MultiPoint"",""coordinates"":[]}"
LE07_225072_20170218_0000000000000000001b,0,66522100,UHE ITIQUIRA RIO SOZINHO,37.0,2017-02-18,9,-17.29822193033997,-54.75986563201261,"{""type"":""MultiPoint"",""coordinates"":[]}"
LE07_225072_20170218_00000000000000000019,32,66493000,UHE PONTE DE PEDRA JUSANTE,37.0,2017-02-18,9,-17.609997816895852,-54.938889621106355,"{""type"":""MultiPoint"",""coordinates"":[]}"
LE07_225072_20170218_0000000000000000002f,0,66454800,PCH RONDONOPOLIS MONTANTE,37.0,2017-02-18,9,-16.668360529237578,-54.738510997067664,"{""type"":""MultiPoint"",""coordinates"":[]}"
LE07_225072_20170218_00000000000000000017,0,66522000,UHE ITIQUIRA MONTANTE,37.0,2017-02-18,9,-17.086441384907612,-54.914101478350254,"{""type"":""MultiPoint"",""coordinates"":[]}"
LE07_225072_20170218_00000000000000000018,0,66525100,UHE ITIQUIRA JUSANTE,37.0,2017-02-18,9,-17.135348805261806,-54.81869455221072,"{""type"":""MultiPoint"",""coordinates"":[]}"
LE07_225072_20170322_00000000000000000031,76,66450001,RONDONOPOLIS,70.0,2017-03-22,9,-16.479852032203155,-54.649355730605066,"{""type"":""MultiPoint"",""coordinates"":[]}"
LE07_225072_20170322_00000000000000000032,0,66449000,RONDONOPOLIS,70.0,2017-03-22,9,-16.473720768254665,-54.97487010750661,"{""type"":""MultiPoint"",""coordinates"":[]}"
LE07_225072_20170322_0000000000000000004a,0,66845000,PEDRO GOMES,70.0,2017-03-22,9,-18.165530462538353,-54.471370712056775,"{""type"":""MultiPoint"",""coordinates"":[]}"
LE07_225072_20170322_00000000000000000035,0,66460000,ACIMA DO CORREGO GRANDE,70.0,2017-03-22,9,-16.61049031576596,-55.20923154067362,"{""type"":""MultiPoint"",""coordinates"":[]}"
LE07_225072_20170322_00000000000000000030,0,66452500,PCH ENG. JOSE GELASIO DA ROCHA MONTANTE,70.0,2017-03-22,9,-16.748735825725944,-54.72301116180588,"{""type"":""MultiPoint"",""coordinates"":[]}"
LE07_225072_20170322_00000000000000000041,0,66484500,PCH SANTA GABRIELA JUSANTE,70.0,2017-03-22,9,-17.532953468894416,-54.44438869158237,"{""type"":""MultiPoint"",""coordinates"":[]}"
LE07_225072_20170322_00000000000000000042,0,66483600,PCH SANTA GABRIELA MONTANTE 1,70.0,2017-03-22,9,-17.545198160387173,-54.41462865115167,"{""type"":""MultiPoint"",""coordinates"":[]}"
LE07_225072_20170322_00000000000000000040,0,66493900,PCH AQUARIUS MONTANTE,70.0,2017-03-22,9,-17.618189185531037,-54.88805586909707,"{""type"":""MultiPoint"",""coordinates"":[]}"
LE07_225072_20170322_0000000000000000001a,0,66521000,UHE ITIQUIRA RIO CACHOEIRA,70.0,2017-03-22,9,-17.124722767451445,-54.72739445814142,"{""type"":""MultiPoint"",""coordinates"":[]}"
LE07_225072_20170322_0000000000000000001b,0,66522100,UHE ITIQUIRA RIO SOZINHO,70.0,2017-03-22,9,-17.29822193033997,-54.75986563201261,"{""type"":""MultiPoint"",""coordinates"":[]}"
LE07_225072_20170322_00000000000000000019,0,66493000,UHE PONTE DE PEDRA JUSANTE,70.0,2017-03-22,9,-17.609997816895852,-54.938889621106355,"{""type"":""MultiPoint"",""coordinates"":[]}"
LE07_225072_20170322_0000000000000000002f,0,66454800,PCH RONDONOPOLIS MONTANTE,70.0,2017-03-22,9,-16.668360529237578,-54.738510997067664,"{""type"":""MultiPoint"",""coordinates"":[]}"
LE07_225072_20170322_00000000000000000017,0,66522000,UHE ITIQUIRA MONTANTE,70.0,2017-03-22,9,-17.086441384907612,-54.914101478350254,"{""type"":""MultiPoint"",""coordinates"":[]}"
LE07_225072_20170322_00000000000000000018,0,66525100,UHE ITIQUIRA JUSANTE,70.0,2017-03-22,9,-17.135348805261806,-54.81869455221072,"{""type"":""MultiPoint"",""coordinates"":[]}"
LE07_225073_20170218_0000000000000000004a,0,66845000,PEDRO GOMES,54.0,2017-02-18,9,-18.165530462538353,-54.471370712056775,"{""type"":""MultiPoint"",""coordinates"":[]}"
LE07_225073_20170218_0000000000000000004c,0,66855000,GARIMPAGEM,54.0,2017-02-18,9,-18.71519047209347,-54.564499037557994,"{""type"":""MultiPoint"",""coordinates"":[]}"
LE07_225073_20170218_0000000000000000004b,0,66870000,COXIM,54.0,2017-02-18,9,-18.50815886928303,-54.76266594747418,"{""type"":""MultiPoint"",""coordinates"":[]}"
LE07_225073_20170218_0000000000000000003f,0,66861000,PCH PONTE ALTA JUSANTE,54.0,2017-02-18,9,-19.413231528303044,-54.45892982011766,"{""type"":""MultiPoint"",""coordinates"":[]}"
LE07_225073_20170306_0000000000000000004a,0,66845000,PEDRO GOMES,50.0,2017-03-06,9,-18.165530462538353,-54.471370712056775,"{""type"":""MultiPoint"",""coordinates"":[]}"
LE07_225073_20170306_0000000000000000004c,16,66855000,GARIMPAGEM,50.0,2017-03-06,9,-18.71519047209347,-54.564499037557994,"{""type"":""MultiPoint"",""coordinates"":[]}"
LE07_225073_20170306_0000000000000000004b,74,66870000,COXIM,50.0,2017-03-06,9,-18.50815886928303,-54.76266594747418,"{""type"":""MultiPoint"",""coordinates"":[]}"
LE07_225073_20170306_0000000000000000003f,28,66861000,PCH PONTE ALTA JUSANTE,50.0,2017-03-06,9,-19.413231528303044,-54.45892982011766,"{""type"":""MultiPoint"",""coordinates"":[]}"
LE07_225074_20170218_00000000000000000043,35,66926000,PONTE DO GREGO,33.0,2017-02-18,9,-20.155694149207047,-55.0921578425154,"{""type"":""MultiPoint"",""coordinates"":[]}"
LE07_225074_20170218_00000000000000000045,9,66945000,AQUIDAUANA,33.0,2017-02-18,9,-20.47810053267435,-55.802349949095614,"{""type"":""MultiPoint"",""coordinates"":[]}"
LE07_225074_20170218_00000000000000000046,0,66900000,ESTRADA MT-738,33.0,2017-02-18,9,-20.762216615395705,-56.09173668926215,"{""type"":""MultiPoint"",""coordinates"":[]}"
LE07_225074_20170306_00000000000000000043,4,66926000,PONTE DO GREGO,42.0,2017-03-06,9,-20.155694149207047,-55.0921578425154,"{""type"":""MultiPoint"",""coordinates"":[]}"
LE07_225074_20170306_00000000000000000045,0,66945000,AQUIDAUANA,42.0,2017-03-06,9,-20.47810053267435,-55.802349949095614,"{""type"":""MultiPoint"",""coordinates"":[]}"
LE07_225074_20170306_00000000000000000046,0,66900000,ESTRADA MT-738,42.0,2017-03-06,9,-20.762216615395705,-56.09173668926215,"{""type"":""MultiPoint"",""coordinates"":[]}"
LE07_225074_20170322_00000000000000000043,0,66926000,PONTE DO GREGO,92.0,2017-03-22,9,-20.155694149207047,-55.0921578425154,"{""type"":""MultiPoint"",""coordinates"":[]}"
LE07_225074_20170322_00000000000000000045,0,66945000,AQUIDAUANA,92.0,2017-03-22,9,-20.47810053267435,-55.802349949095614,"{""type"":""MultiPoint"",""coordinates"":[]}"
LE07_225074_20170322_00000000000000000046,0,66900000,ESTRADA MT-738,92.0,2017-03-22,9,-20.762216615395705,-56.09173668926215,"{""type"":""MultiPoint"",""coordinates"":[]}"
LE07_225075_20170202_00000000000000000046,0,66900000,ESTRADA MT-738,97.0,2017-02-02,9,-20.762216615395705,-56.09173668926215,"{""type"":""MultiPoint"",""coordinates"":[]}"
LE07_225075_20170218_00000000000000000046,1,66900000,ESTRADA MT-738,37.0,2017-02-18,9,-20.762216615395705,-56.09173668926215,"{""type"":""MultiPoint"",""coordinates"":[]}"
LE07_225075_20170322_00000000000000000046,0,66900000,ESTRADA MT-738,39.0,2017-03-22,9,-20.762216615395705,-56.09173668926215,"{""type"":""MultiPoint"",""coordinates"":[]}"
LE07_226070_20170108_00000000000000000011,14,66162000,UHE MANSO MONTANTE,35.0,2017-01-08,9,-14.813588527854664,-55.27629642051745,"{""type"":""MultiPoint"",""coordinates"":[]}"
LE07_226070_20170108_00000000000000000012,15,66210000,UHE MANSO JUSANTE,35.0,2017-01-08,9,-14.869019613050046,-55.7998038023941,"{""type"":""MultiPoint"",""coordinates"":[]}"
LE07_226070_20170209_00000000000000000011,0,66162000,UHE MANSO MONTANTE,75.0,2017-02-09,9,-14.813588527854664,-55.27629642051745,"{""type"":""MultiPoint"",""coordinates"":[]}"
LE07_226070_20170209_00000000000000000012,0,66210000,UHE MANSO JUSANTE,75.0,2017-02-09,9,-14.869019613050046,-55.7998038023941,"{""type"":""MultiPoint"",""coordinates"":[]}"
LE07_226070_20170313_00000000000000000011,0,66162000,UHE MANSO MONTANTE,89.0,2017-03-13,9,-14.813588527854664,-55.27629642051745,"{""type"":""MultiPoint"",""coordinates"":[]}"
LE07_226070_20170313_00000000000000000012,0,66210000,UHE MANSO JUSANTE,89.0,2017-03-13,9,-14.869019613050046,-55.7998038023941,"{""type"":""MultiPoint"",""coordinates"":[]}"
LE07_226071_20170108_00000000000000000000,5,66255000,ACORIZAL,25.0,2017-01-08,9,-15.205521214947284,-56.36557454405531,"{""type"":""MultiPoint"",""coordinates"":[]}"
LE07_226071_20170108_00000000000000000013,20,66259200,CUIABA,25.0,2017-01-08,9,-15.565968189501529,-56.14108110151958,"{""type"":""MultiPoint"",""coordinates"":[]}"
LE07_226071_20170108_00000000000000000032,42,66449000,RONDONOPOLIS,25.0,2017-01-08,9,-16.473720768254665,-54.97487010750661,"{""type"":""MultiPoint"",""coordinates"":[]}"
LE07_226071_20170108_00000000000000000037,0,66456000,FAZENDA POENTE,25.0,2017-01-08,9,-16.45696792559687,-55.31967455556537,"{""type"":""MultiPoint"",""coordinates"":[]}"
LE07_226071_20170108_00000000000000000038,10,66380000,SAO PEDRO DA CIPA,25.0,2017-01-08,9,-15.998215609218358,-54.923951632577314,"{""type"":""MultiPoint"",""coordinates"":[]}"
LE07_226071_20170108_00000000000000000035,26,66460000,ACIMA DO CORREGO GRANDE,25.0,2017-01-08,9,-16.61049031576596,-55.20923154067362,"{""type"":""MultiPoint"",""coordinates"":[]}"
LE07_226071_20170108_00000000000000000014,13,66260001,CUIABA,25.0,2017-01-08,9,-15.616525477245494,-56.10799457170302,"{""type"":""MultiPoint"",""coordinates"":[]}"
LE07_226071_20170108_0000000000000000002c,55,66340000,PORTO CERCADO (Ex-Retiro Biguacal),25.0,2017-01-08,9,-16.51409792829362,-56.37510810210758,"{""type"":""MultiPoint"",""coordinates"":[]}"
LE07_226071_20170108_00000000000000000039,10,66380100,RIO SAO LOURENCO - SAO PEDRO DA CIPA,25.0,2017-01-08,9,-15.998215609218358,-54.923951632577314,"{""type"":""MultiPoint"",""coordinates"":[]}"
LE07_226071_20170108_0000000000000000001c,0,66384000,PCH PEQUI JUSANTE,25.0,2017-01-08,9,-15.996521150818046,-55.09681760311625,"{""type"":""MultiPoint"",""coordinates"":[]}"
LE07_226071_20170108_0000000000000000000e,0,66165000,PCH CASCA II MONTANTE 1,25.0,2017-01-08,9,-15.366971886789397,-55.436596644287775,"{""type"":""MultiPoint"",""coordinates"":[]}"
LE07_226071_20170108_0000000000000000000f,0,66170600,PCH CASCA III JUSANTE,25.0,2017-01-08,9,-15.342156989426973,-55.462575367025146,"{""type"":""MultiPoint"",""coordinates"":[]}"
LE07_226071_20170108_00000000000000000010,0,66170100,PCH CASCA II MONTANTE 2,25.0,2017-01-08,9,-15.356769463579115,-55.397927319952295,"{""type"":""MultiPoint"",""coordinates"":[]}"
LE07_226071_20170108_0000000000000000001d,0,66388000,PCH CACHOEIRA DA FUMACA JUSANTE,25.0,2017-01-08,9,-15.980004640516086,-55.036731216421074,"{""type"":""MultiPoint"",""coordinates"":[]}"
LE07_226071_20170108_00000000000000000036,1,66260110,PCH SAO TADEU I JUSANTE,25.0,2017-01-08,9,-15.753959430813754,-55.548743035781946,"{""type"":""MultiPoint"",""coordinates"":[]}"
LE07_226071_20170108_0000000000000000001e,0,66386000,PCH EMBAUBA JUSANTE,25.0,2017-01-08,9,-15.986978674563675,-55.07093698060204,"{""type"":""MultiPoint"",""coordinates"":[]}"
LE07_226071_20170108_0000000000000000001f,0,66385500,CGH CAMBARA JUSANTE,25.0,2017-01-08,9,-15.977467412016672,-55.08253956154311,"{""type"":""MultiPoint"",""coordinates"":[]}"
LE07_226071_20170108_00000000000000000034,0,66201200,PCH SENADOR JONAS PINHEIRO JUSANTE,25.0,2017-01-08,9,-16.111048702274758,-55.37585476973774,"{""type"":""MultiPoint"",""coordinates"":[]}"
LE07_226071_20170108_00000000000000000023,29,66400325,PCH SETE QUEDAS ALTAS MONTANTE,25.0,2017-01-08,9,-16.301652976804302,-55.06283033488688,"{""type"":""MultiPoint"",""coordinates"":[]}"
LE07_226071_20170108_00000000000000000024,20,66400360,PCH SAO LOURENCO MONTANTE,25.0,2017-01-08,9,-16.040813401581925,-54.939469304243296,"{""type"":""MultiPoint"",""coordinates"":[]}"
LE07_226071_20170108_00000000000000000025,0,66400390,PCH SAO LOURENCO JUSANTE,25.0,2017-01-08,9,-16.217563249138415,-54.9456674547076,"{""type"":""MultiPoint"",""coordinates"":[]}"
LE07_226071_20170108_00000000000000000027,0,66390090,PCH SAO LOURENCO RIO AREIAL,25.0,2017-01-08,9,-16.045036170279538,-54.88676272979158,"{""type"":""MultiPoint"",""coordinates"":[]}"
LE07_226071_20170108_00000000000000000026,0,66400050,PCH AGUA PRATA JUSANTE,25.0,2017-01-08,9,-16.095544407911927,-55.04060617523651,"{""type"":""MultiPoint"",""coordinates"":[]}"
LE07_226071_20170124_00000000000000000000,66,66255000,ACORIZAL,21.0,2017-01-24,9,-15.205521214947284,-56.36557454405531,"{""type"":""MultiPoint"",""coordinates"":[]}"
LE07_226071_20170124_00000000000000000013,59,66259200,CUIABA,21.0,2017-01-24,9,-15.565968189501529,-56.14108110151958,"{""type"":""MultiPoint"",""coordinates"":[]}"
LE07_226071_20170124_00000000000000000032,13,66449000,RONDONOPOLIS,21.0,2017-01-24,9,-16.473720768254665,-54.97487010750661,"{""type"":""MultiPoint"",""coordinates"":[]}"
LE07_226071_20170124_00000000000000000037,86,66456000,FAZENDA POENTE,21.0,2017-01-24,9,-16.45696792559687,-55.31967455556537,"{""type"":""MultiPoint"",""coordinates"":[]}"
LE07_226071_20170124_00000000000000000038,34,66380000,SAO PEDRO DA CIPA,21.0,2017-01-24,9,-15.998215609218358,-54.923951632577314,"{""type"":""MultiPoint"",""coordinates"":[]}"
LE07_226071_20170124_00000000000000000035,0,66460000,ACIMA DO CORREGO GRANDE,21.0,2017-01-24,9,-16.61049031576596,-55.20923154067362,"{""type"":""MultiPoint"",""coordinates"":[]}"
LE07_226071_20170124_00000000000000000014,70,66260001,CUIABA,21.0,2017-01-24,9,-15.616525477245494,-56.10799457170302,"{""type"":""MultiPoint"",""coordinates"":[]}"
LE07_226071_20170124_0000000000000000002c,24,66340000,PORTO CERCADO (Ex-Retiro Biguacal),21.0,2017-01-24,9,-16.51409792829362,-56.37510810210758,"{""type"":""MultiPoint"",""coordinates"":[]}"
LE07_226071_20170124_00000000000000000039,34,66380100,RIO SAO LOURENCO - SAO PEDRO DA CIPA,21.0,2017-01-24,9,-15.998215609218358,-54.923951632577314,"{""type"":""MultiPoint"",""coordinates"":[]}"
LE07_226071_20170124_0000000000000000001c,0,66384000,PCH PEQUI JUSANTE,21.0,2017-01-24,9,-15.996521150818046,-55.09681760311625,"{""type"":""MultiPoint"",""coordinates"":[]}"
LE07_226071_20170124_0000000000000000000e,0,66165000,PCH CASCA II MONTANTE 1,21.0,2017-01-24,9,-15.366971886789397,-55.436596644287775,"{""type"":""MultiPoint"",""coordinates"":[]}"
LE07_226071_20170124_0000000000000000000f,15,66170600,PCH CASCA III JUSANTE,21.0,2017-01-24,9,-15.342156989426973,-55.462575367025146,"{""type"":""MultiPoint"",""coordinates"":[]}"
LE07_226071_20170124_00000000000000000010,3,66170100,PCH CASCA II MONTANTE 2,21.0,2017-01-24,9,-15.356769463579115,-55.397927319952295,"{""type"":""MultiPoint"",""coordinates"":[]}"
LE07_226071_20170124_0000000000000000001d,4,66388000,PCH CACHOEIRA DA FUMACA JUSANTE,21.0,2017-01-24,9,-15.980004640516086,-55.036731216421074,"{""type"":""MultiPoint"",""coordinates"":[]}"
LE07_226071_20170124_00000000000000000036,1,66260110,PCH SAO TADEU I JUSANTE,21.0,2017-01-24,9,-15.753959430813754,-55.548743035781946,"{""type"":""MultiPoint"",""coordinates"":[]}"
LE07_226071_20170124_0000000000000000001e,0,66386000,PCH EMBAUBA JUSANTE,21.0,2017-01-24,9,-15.986978674563675,-55.07093698060204,"{""type"":""MultiPoint"",""coordinates"":[]}"
LE07_226071_20170124_0000000000000000001f,0,66385500,CGH CAMBARA JUSANTE,21.0,2017-01-24,9,-15.977467412016672,-55.08253956154311,"{""type"":""MultiPoint"",""coordinates"":[]}"
LE07_226071_20170124_00000000000000000034,6,66201200,PCH SENADOR JONAS PINHEIRO JUSANTE,21.0,2017-01-24,9,-16.111048702274758,-55.37585476973774,"{""type"":""MultiPoint"",""coordinates"":[]}"
LE07_226071_20170124_00000000000000000023,0,66400325,PCH SETE QUEDAS ALTAS MONTANTE,21.0,2017-01-24,9,-16.301652976804302,-55.06283033488688,"{""type"":""MultiPoint"",""coordinates"":[]}"
LE07_226071_20170124_00000000000000000024,17,66400360,PCH SAO LOURENCO MONTANTE,21.0,2017-01-24,9,-16.040813401581925,-54.939469304243296,"{""type"":""MultiPoint"",""coordinates"":[]}"
LE07_226071_20170124_00000000000000000025,71,66400390,PCH SAO LOURENCO JUSANTE,21.0,2017-01-24,9,-16.217563249138415,-54.9456674547076,"{""type"":""MultiPoint"",""coordinates"":[]}"
LE07_226071_20170124_00000000000000000027,0,66390090,PCH SAO LOURENCO RIO AREIAL,21.0,2017-01-24,9,-16.045036170279538,-54.88676272979158,"{""type"":""MultiPoint"",""coordinates"":[]}"
LE07_226071_20170124_00000000000000000026,13,66400050,PCH AGUA PRATA JUSANTE,21.0,2017-01-24,9,-16.095544407911927,-55.04060617523651,"{""type"":""MultiPoint"",""coordinates"":[]}"
LE07_226071_20170209_00000000000000000000,0,66255000,ACORIZAL,73.0,2017-02-09,9,-15.205521214947284,-56.36557454405531,"{""type"":""MultiPoint"",""coordinates"":[]}"
LE07_226071_20170209_00000000000000000013,4,66259200,CUIABA,73.0,2017-02-09,9,-15.565968189501529,-56.14108110151958,"{""type"":""MultiPoint"",""coordinates"":[]}"
LE07_226071_20170209_00000000000000000032,0,66449000,RONDONOPOLIS,73.0,2017-02-09,9,-16.473720768254665,-54.97487010750661,"{""type"":""MultiPoint"",""coordinates"":[]}"
LE07_226071_20170209_00000000000000000037,0,66456000,FAZENDA POENTE,73.0,2017-02-09,9,-16.45696792559687,-55.31967455556537,"{""type"":""MultiPoint"",""coordinates"":[]}"
LE07_226071_20170209_00000000000000000038,0,66380000,SAO PEDRO DA CIPA,73.0,2017-02-09,9,-15.998215609218358,-54.923951632577314,"{""type"":""MultiPoint"",""coordinates"":[]}"
LE07_226071_20170209_00000000000000000035,0,66460000,ACIMA DO CORREGO GRANDE,73.0,2017-02-09,9,-16.61049031576596,-55.20923154067362,"{""type"":""MultiPoint"",""coordinates"":[]}"
LE07_226071_20170209_00000000000000000014,0,66260001,CUIABA,73.0,2017-02-09,9,-15.616525477245494,-56.10799457170302,"{""type"":""MultiPoint"",""coordinates"":[]}"
LE07_226071_20170209_0000000000000000002c,0,66340000,PORTO CERCADO (Ex-Retiro Biguacal),73.0,2017-02-09,9,-16.51409792829362,-56.37510810210758,"{""type"":""MultiPoint"",""coordinates"":[]}"
LE07_226071_20170209_00000000000000000039,0,66380100,RIO SAO LOURENCO - SAO PEDRO DA CIPA,73.0,2017-02-09,9,-15.998215609218358,-54.923951632577314,"{""type"":""MultiPoint"",""coordinates"":[]}"
LE07_226071_20170209_0000000000000000001c,0,66384000,PCH PEQUI JUSANTE,73.0,2017-02-09,9,-15.996521150818046,-55.09681760311625,"{""type"":""MultiPoint"",""coordinates"":[]}"
LE07_226071_20170209_0000000000000000000e,0,66165000,PCH CASCA II MONTANTE 1,73.0,2017-02-09,9,-15.366971886789397,-55.436596644287775,"{""type"":""MultiPoint"",""coordinates"":[]}"
LE07_226071_20170209_0000000000000000000f,0,66170600,PCH CASCA III JUSANTE,73.0,2017-02-09,9,-15.342156989426973,-55.462575367025146,"{""type"":""MultiPoint"",""coordinates"":[]}"
LE07_226071_20170209_00000000000000000010,0,66170100,PCH CASCA II MONTANTE 2,73.0,2017-02-09,9,-15.356769463579115,-55.397927319952295,"{""type"":""MultiPoint"",""coordinates"":[]}"
LE07_226071_20170209_0000000000000000001d,0,66388000,PCH CACHOEIRA DA FUMACA JUSANTE,73.0,2017-02-09,9,-15.980004640516086,-55.036731216421074,"{""type"":""MultiPoint"",""coordinates"":[]}"
LE07_226071_20170209_00000000000000000036,0,66260110,PCH SAO TADEU I JUSANTE,73.0,2017-02-09,9,-15.753959430813754,-55.548743035781946,"{""type"":""MultiPoint"",""coordinates"":[]}"
LE07_226071_20170209_0000000000000000001e,0,66386000,PCH EMBAUBA JUSANTE,73.0,2017-02-09,9,-15.986978674563675,-55.07093698060204,"{""type"":""MultiPoint"",""coordinates"":[]}"
LE07_226071_20170209_0000000000000000001f,0,66385500,CGH CAMBARA JUSANTE,73.0,2017-02-09,9,-15.977467412016672,-55.08253956154311,"{""type"":""MultiPoint"",""coordinates"":[]}"
LE07_226071_20170209_00000000000000000034,0,66201200,PCH SENADOR JONAS PINHEIRO JUSANTE,73.0,2017-02-09,9,-16.111048702274758,-55.37585476973774,"{""type"":""MultiPoint"",""coordinates"":[]}"
LE07_226071_20170209_00000000000000000023,0,66400325,PCH SETE QUEDAS ALTAS MONTANTE,73.0,2017-02-09,9,-16.301652976804302,-55.06283033488688,"{""type"":""MultiPoint"",""coordinates"":[]}"
LE07_226071_20170209_00000000000000000024,0,66400360,PCH SAO LOURENCO MONTANTE,73.0,2017-02-09,9,-16.040813401581925,-54.939469304243296,"{""type"":""MultiPoint"",""coordinates"":[]}"
LE07_226071_20170209_00000000000000000025,0,66400390,PCH SAO LOURENCO JUSANTE,73.0,2017-02-09,9,-16.217563249138415,-54.9456674547076,"{""type"":""MultiPoint"",""coordinates"":[]}"
LE07_226071_20170209_00000000000000000027,0,66390090,PCH SAO LOURENCO RIO AREIAL,73.0,2017-02-09,9,-16.045036170279538,-54.88676272979158,"{""type"":""MultiPoint"",""coordinates"":[]}"
LE07_226071_20170209_00000000000000000026,0,66400050,PCH AGUA PRATA JUSANTE,73.0,2017-02-09,9,-16.095544407911927,-55.04060617523651,"{""type"":""MultiPoint"",""coordinates"":[]}"
LE07_226071_20170225_00000000000000000000,0,66255000,ACORIZAL,97.0,2017-02-25,9,-15.205521214947284,-56.36557454405531,"{""type"":""MultiPoint"",""coordinates"":[]}"
LE07_226071_20170225_00000000000000000013,0,66259200,CUIABA,97.0,2017-02-25,9,-15.565968189501529,-56.14108110151958,"{""type"":""MultiPoint"",""coordinates"":[]}"
LE07_226071_20170225_00000000000000000032,0,66449000,RONDONOPOLIS,97.0,2017-02-25,9,-16.473720768254665,-54.97487010750661,"{""type"":""MultiPoint"",""coordinates"":[]}"
LE07_226071_20170225_00000000000000000037,0,66456000,FAZENDA POENTE,97.0,2017-02-25,9,-16.45696792559687,-55.31967455556537,"{""type"":""MultiPoint"",""coordinates"":[]}"
LE07_226071_20170225_00000000000000000038,0,66380000,SAO PEDRO DA CIPA,97.0,2017-02-25,9,-15.998215609218358,-54.923951632577314,"{""type"":""MultiPoint"",""coordinates"":[]}"
LE07_226071_20170225_00000000000000000035,0,66460000,ACIMA DO CORREGO GRANDE,97.0,2017-02-25,9,-16.61049031576596,-55.20923154067362,"{""type"":""MultiPoint"",""coordinates"":[]}"
LE07_226071_20170225_00000000000000000014,0,66260001,CUIABA,97.0,2017-02-25,9,-15.616525477245494,-56.10799457170302,"{""type"":""MultiPoint"",""coordinates"":[]}"
LE07_226071_20170225_0000000000000000002c,0,66340000,PORTO CERCADO (Ex-Retiro Biguacal),97.0,2017-02-25,9,-16.51409792829362,-56.37510810210758,"{""type"":""MultiPoint"",""coordinates"":[]}"
LE07_226071_20170225_00000000000000000039,0,66380100,RIO SAO LOURENCO - SAO PEDRO DA CIPA,97.0,2017-02-25,9,-15.998215609218358,-54.923951632577314,"{""type"":""MultiPoint"",""coordinates"":[]}"
LE07_226071_20170225_0000000000000000001c,0,66384000,PCH PEQUI JUSANTE,97.0,2017-02-25,9,-15.996521150818046,-55.09681760311625,"{""type"":""MultiPoint"",""coordinates"":[]}"
LE07_226071_20170225_0000000000000000000e,0,66165000,PCH CASCA II MONTANTE 1,97.0,2017-02-25,9,-15.366971886789397,-55.436596644287775,"{""type"":""MultiPoint"",""coordinates"":[]}"
LE07_226071_20170225_0000000000000000000f,0,66170600,PCH CASCA III JUSANTE,97.0,2017-02-25,9,-15.342156989426973,-55.462575367025146,"{""type"":""MultiPoint"",""coordinates"":[]}"
LE07_226071_20170225_00000000000000000010,0,66170100,PCH CASCA II MONTANTE 2,97.0,2017-02-25,9,-15.356769463579115,-55.397927319952295,"{""type"":""MultiPoint"",""coordinates"":[]}"
LE07_226071_20170225_0000000000000000001d,0,66388000,PCH CACHOEIRA DA FUMACA JUSANTE,97.0,2017-02-25,9,-15.980004640516086,-55.036731216421074,"{""type"":""MultiPoint"",""coordinates"":[]}"
LE07_226071_20170225_00000000000000000036,0,66260110,PCH SAO TADEU I JUSANTE,97.0,2017-02-25,9,-15.753959430813754,-55.548743035781946,"{""type"":""MultiPoint"",""coordinates"":[]}"
LE07_226071_20170225_0000000000000000001e,0,66386000,PCH EMBAUBA JUSANTE,97.0,2017-02-25,9,-15.986978674563675,-55.07093698060204,"{""type"":""MultiPoint"",""coordinates"":[]}"
LE07_226071_20170225_0000000000000000001f,0,66385500,CGH CAMBARA JUSANTE,97.0,2017-02-25,9,-15.977467412016672,-55.08253956154311,"{""type"":""MultiPoint"",""coordinates"":[]}"
LE07_226071_20170225_00000000000000000034,0,66201200,PCH SENADOR JONAS PINHEIRO JUSANTE,97.0,2017-02-25,9,-16.111048702274758,-55.37585476973774,"{""type"":""MultiPoint"",""coordinates"":[]}"
LE07_226071_20170225_00000000000000000023,0,66400325,PCH SETE QUEDAS ALTAS MONTANTE,97.0,2017-02-25,9,-16.301652976804302,-55.06283033488688,"{""type"":""MultiPoint"",""coordinates"":[]}"
LE07_226071_20170225_00000000000000000024,0,66400360,PCH SAO LOURENCO MONTANTE,97.0,2017-02-25,9,-16.040813401581925,-54.939469304243296,"{""type"":""MultiPoint"",""coordinates"":[]}"
LE07_226071_20170225_00000000000000000025,0,66400390,PCH SAO LOURENCO JUSANTE,97.0,2017-02-25,9,-16.217563249138415,-54.9456674547076,"{""type"":""MultiPoint"",""coordinates"":[]}"
LE07_226071_20170225_00000000000000000027,0,66390090,PCH SAO LOURENCO RIO AREIAL,97.0,2017-02-25,9,-16.045036170279538,-54.88676272979158,"{""type"":""MultiPoint"",""coordinates"":[]}"
LE07_226071_20170225_00000000000000000026,0,66400050,PCH AGUA PRATA JUSANTE,97.0,2017-02-25,9,-16.095544407911927,-55.04060617523651,"{""type"":""MultiPoint"",""coordinates"":[]}"
LE07_226071_20170313_00000000000000000000,0,66255000,ACORIZAL,63.0,2017-03-13,9,-15.205521214947284,-56.36557454405531,"{""type"":""MultiPoint"",""coordinates"":[]}"
LE07_226071_20170313_00000000000000000013,0,66259200,CUIABA,63.0,2017-03-13,9,-15.565968189501529,-56.14108110151958,"{""type"":""MultiPoint"",""coordinates"":[]}"
LE07_226071_20170313_00000000000000000032,41,66449000,RONDONOPOLIS,63.0,2017-03-13,9,-16.473720768254665,-54.97487010750661,"{""type"":""MultiPoint"",""coordinates"":[]}"
LE07_226071_20170313_00000000000000000037,0,66456000,FAZENDA POENTE,63.0,2017-03-13,9,-16.45696792559687,-55.31967455556537,"{""type"":""MultiPoint"",""coordinates"":[]}"
LE07_226071_20170313_00000000000000000038,0,66380000,SAO PEDRO DA CIPA,63.0,2017-03-13,9,-15.998215609218358,-54.923951632577314,"{""type"":""MultiPoint"",""coordinates"":[]}"
LE07_226071_20170313_00000000000000000035,53,66460000,ACIMA DO CORREGO GRANDE,63.0,2017-03-13,9,-16.61049031576596,-55.20923154067362,"{""type"":""MultiPoint"",""coordinates"":[]}"
LE07_226071_20170313_00000000000000000014,0,66260001,CUIABA,63.0,2017-03-13,9,-15.616525477245494,-56.10799457170302,"{""type"":""MultiPoint"",""coordinates"":[]}"
LE07_226071_20170313_0000000000000000002c,0,66340000,PORTO CERCADO (Ex-Retiro Biguacal),63.0,2017-03-13,9,-16.51409792829362,-56.37510810210758,"{""type"":""MultiPoint"",""coordinates"":[]}"
LE07_226071_20170313_00000000000000000039,0,66380100,RIO SAO LOURENCO - SAO PEDRO DA CIPA,63.0,2017-03-13,9,-15.998215609218358,-54.923951632577314,"{""type"":""MultiPoint"",""coordinates"":[]}"
LE07_226071_20170313_0000000000000000001c,0,66384000,PCH PEQUI JUSANTE,63.0,2017-03-13,9,-15.996521150818046,-55.09681760311625,"{""type"":""MultiPoint"",""coordinates"":[]}"
LE07_226071_20170313_0000000000000000000e,0,66165000,PCH CASCA II MONTANTE 1,63.0,2017-03-13,9,-15.366971886789397,-55.436596644287775,"{""type"":""MultiPoint"",""coordinates"":[]}"
LE07_226071_20170313_0000000000000000000f,0,66170600,PCH CASCA III JUSANTE,63.0,2017-03-13,9,-15.342156989426973,-55.462575367025146,"{""type"":""MultiPoint"",""coordinates"":[]}"
LE07_226071_20170313_00000000000000000010,0,66170100,PCH CASCA II MONTANTE 2,63.0,2017-03-13,9,-15.356769463579115,-55.397927319952295,"{""type"":""MultiPoint"",""coordinates"":[]}"
LE07_226071_20170313_0000000000000000001d,0,66388000,PCH CACHOEIRA DA FUMACA JUSANTE,63.0,2017-03-13,9,-15.980004640516086,-55.036731216421074,"{""type"":""MultiPoint"",""coordinates"":[]}"
LE07_226071_20170313_00000000000000000036,0,66260110,PCH SAO TADEU I JUSANTE,63.0,2017-03-13,9,-15.753959430813754,-55.548743035781946,"{""type"":""MultiPoint"",""coordinates"":[]}"
LE07_226071_20170313_0000000000000000001e,0,66386000,PCH EMBAUBA JUSANTE,63.0,2017-03-13,9,-15.986978674563675,-55.07093698060204,"{""type"":""MultiPoint"",""coordinates"":[]}"
LE07_226071_20170313_0000000000000000001f,0,66385500,CGH CAMBARA JUSANTE,63.0,2017-03-13,9,-15.977467412016672,-55.08253956154311,"{""type"":""MultiPoint"",""coordinates"":[]}"
LE07_226071_20170313_00000000000000000034,0,66201200,PCH SENADOR JONAS PINHEIRO JUSANTE,63.0,2017-03-13,9,-16.111048702274758,-55.37585476973774,"{""type"":""MultiPoint"",""coordinates"":[]}"
LE07_226071_20170313_00000000000000000023,34,66400325,PCH SETE QUEDAS ALTAS MONTANTE,63.0,2017-03-13,9,-16.301652976804302,-55.06283033488688,"{""type"":""MultiPoint"",""coordinates"":[]}"
LE07_226071_20170313_00000000000000000024,15,66400360,PCH SAO LOURENCO MONTANTE,63.0,2017-03-13,9,-16.040813401581925,-54.939469304243296,"{""type"":""MultiPoint"",""coordinates"":[]}"
LE07_226071_20170313_00000000000000000025,17,66400390,PCH SAO LOURENCO JUSANTE,63.0,2017-03-13,9,-16.217563249138415,-54.9456674547076,"{""type"":""MultiPoint"",""coordinates"":[]}"
LE07_226071_20170313_00000000000000000027,0,66390090,PCH SAO LOURENCO RIO AREIAL,63.0,2017-03-13,9,-16.045036170279538,-54.88676272979158,"{""type"":""MultiPoint"",""coordinates"":[]}"
LE07_226071_20170313_00000000000000000026,0,66400050,PCH AGUA PRATA JUSANTE,63.0,2017-03-13,9,-16.095544407911927,-55.04060617523651,"{""type"":""MultiPoint"",""coordinates"":[]}"
LE07_226072_20170108_00000000000000000006,0,66470000,SAO JOSE DO BORIREU,0.0,2017-01-08,9,-16.92451358925278,-56.22369486673678,"{""type"":""MultiPoint"",""coordinates"":[]}"
LE07_226072_20170108_00000000000000000047,5,66750000,PORTO DO ALEGRE,0.0,2017-01-08,9,-17.62333498814671,-56.96499812136688,"{""type"":""MultiPoint"",""coordinates"":[]}"
LE07_226072_20170108_0000000000000000002c,56,66340000,PORTO CERCADO (Ex-Retiro Biguacal),0.0,2017-01-08,9,-16.51409792829362,-56.37510810210758,"{""type"":""MultiPoint"",""coordinates"":[]}"
LE07_226072_20170108_00000000000000000007,67,66600000,SAO JERONIMO,0.0,2017-01-08,9,-17.198712631231267,-56.01283289612143,"{""type"":""MultiPoint"",""coordinates"":[]}"
LE07_226072_20170108_00000000000000000005,10,66370000,ILHA CAMARGO,0.0,2017-01-08,9,-17.056181925158928,-56.5806949561767,"{""type"":""MultiPoint"",""coordinates"":[]}"
LE07_226072_20170108_00000000000000000008,83,66650000,SAO JOSE DO PIQUIRI,0.0,2017-01-08,9,-17.29384755220654,-56.38701836102133,"{""type"":""MultiPoint"",""coordinates"":[]}"
LE07_226072_20170124_00000000000000000006,30,66470000,SAO JOSE DO BORIREU,9.0,2017-01-24,9,-16.92451358925278,-56.22369486673678,"{""type"":""MultiPoint"",""coordinates"":[]}"
LE07_226072_20170124_00000000000000000047,13,66750000,PORTO DO ALEGRE,9.0,2017-01-24,9,-17.62333498814671,-56.96499812136688,"{""type"":""MultiPoint"",""coordinates"":[]}"
LE07_226072_20170124_0000000000000000002c,23,66340000,PORTO CERCADO (Ex-Retiro Biguacal),9.0,2017-01-24,9,-16.51409792829362,-56.37510810210758,"{""type"":""MultiPoint"",""coordinates"":[]}"
LE07_226072_20170124_00000000000000000007,30,66600000,SAO JERONIMO,9.0,2017-01-24,9,-17.198712631231267,-56.01283289612143,"{""type"":""MultiPoint"",""coordinates"":[]}"
LE07_226072_20170124_00000000000000000005,11,66370000,ILHA CAMARGO,9.0,2017-01-24,9,-17.056181925158928,-56.5806949561767,"{""type"":""MultiPoint"",""coordinates"":[]}"
LE07_226072_20170124_00000000000000000008,47,66650000,SAO JOSE DO PIQUIRI,9.0,2017-01-24,9,-17.29384755220654,-56.38701836102133,"{""type"":""MultiPoint"",""coordinates"":[]}"
LE07_226072_20170209_00000000000000000006,0,66470000,SAO JOSE DO BORIREU,85.0,2017-02-09,9,-16.92451358925278,-56.22369486673678,"{""type"":""MultiPoint"",""coordinates"":[]}"
LE07_226072_20170209_00000000000000000047,0,66750000,PORTO DO ALEGRE,85.0,2017-02-09,9,-17.62333498814671,-56.96499812136688,"{""type"":""MultiPoint"",""coordinates"":[]}"
LE07_226072_20170209_0000000000000000002c,0,66340000,PORTO CERCADO (Ex-Retiro Biguacal),85.0,2017-02-09,9,-16.51409792829362,-56.37510810210758,"{""type"":""MultiPoint"",""coordinates"":[]}"
LE07_226072_20170209_00000000000000000007,0,66600000,SAO JERONIMO,85.0,2017-02-09,9,-17.198712631231267,-56.01283289612143,"{""type"":""MultiPoint"",""coordinates"":[]}"
LE07_226072_20170209_00000000000000000005,0,66370000,ILHA CAMARGO,85.0,2017-02-09,9,-17.056181925158928,-56.5806949561767,"{""type"":""MultiPoint"",""coordinates"":[]}"
LE07_226072_20170209_00000000000000000008,0,66650000,SAO JOSE DO PIQUIRI,85.0,2017-02-09,9,-17.29384755220654,-56.38701836102133,"{""type"":""MultiPoint"",""coordinates"":[]}"
LE07_226072_20170313_00000000000000000006,0,66470000,SAO JOSE DO BORIREU,51.0,2017-03-13,9,-16.92451358925278,-56.22369486673678,"{""type"":""MultiPoint"",""coordinates"":[]}"
LE07_226072_20170313_00000000000000000047,0,66750000,PORTO DO ALEGRE,51.0,2017-03-13,9,-17.62333498814671,-56.96499812136688,"{""type"":""MultiPoint"",""coordinates"":[]}"
LE07_226072_20170313_0000000000000000002c,0,66340000,PORTO CERCADO (Ex-Retiro Biguacal),51.0,2017-03-13,9,-16.51409792829362,-56.37510810210758,"{""type"":""MultiPoint"",""coordinates"":[]}"
LE07_226072_20170313_00000000000000000007,0,66600000,SAO JERONIMO,51.0,2017-03-13,9,-17.198712631231267,-56.01283289612143,"{""type"":""MultiPoint"",""coordinates"":[]}"
LE07_226072_20170313_00000000000000000005,0,66370000,ILHA CAMARGO,51.0,2017-03-13,9,-17.056181925158928,-56.5806949561767,"{""type"":""MultiPoint"",""coordinates"":[]}"
LE07_226072_20170313_00000000000000000008,0,66650000,SAO JOSE DO PIQUIRI,51.0,2017-03-13,9,-17.29384755220654,-56.38701836102133,"{""type"":""MultiPoint"",""coordinates"":[]}"
LE07_226072_20170329_00000000000000000006,0,66470000,SAO JOSE DO BORIREU,18.0,2017-03-29,9,-16.92451358925278,-56.22369486673678,"{""type"":""MultiPoint"",""coordinates"":[]}"
LE07_226072_20170329_00000000000000000047,0,66750000,PORTO DO ALEGRE,18.0,2017-03-29,9,-17.62333498814671,-56.96499812136688,"{""type"":""MultiPoint"",""coordinates"":[]}"
LE07_226072_20170329_0000000000000000002c,15,66340000,PORTO CERCADO (Ex-Retiro Biguacal),18.0,2017-03-29,9,-16.51409792829362,-56.37510810210758,"{""type"":""MultiPoint"",""coordinates"":[]}"
LE07_226072_20170329_00000000000000000007,0,66600000,SAO JERONIMO,18.0,2017-03-29,9,-17.198712631231267,-56.01283289612143,"{""type"":""MultiPoint"",""coordinates"":[]}"
LE07_226072_20170329_00000000000000000005,17,66370000,ILHA CAMARGO,18.0,2017-03-29,9,-17.056181925158928,-56.5806949561767,"{""type"":""MultiPoint"",""coordinates"":[]}"
LE07_226072_20170329_00000000000000000008,85,66650000,SAO JOSE DO PIQUIRI,18.0,2017-03-29,9,-17.29384755220654,-56.38701836102133,"{""type"":""MultiPoint"",""coordinates"":[]}"
LE07_226073_20170108_0000000000000000004d,100,66895000,PORTO DA MANGA,0.0,2017-01-08,9,-19.259330114544415,-57.234617666563494,"{""type"":""MultiPoint"",""coordinates"":[]}"
LE07_226073_20170124_0000000000000000004d,0,66895000,PORTO DA MANGA,35.0,2017-01-24,9,-19.259330114544415,-57.234617666563494,"{""type"":""MultiPoint"",""coordinates"":[]}"
LE07_226073_20170209_0000000000000000004d,22,66895000,PORTO DA MANGA,13.0,2017-02-09,9,-19.259330114544415,-57.234617666563494,"{""type"":""MultiPoint"",""coordinates"":[]}"
LE07_226073_20170329_0000000000000000004d,0,66895000,PORTO DA MANGA,13.0,2017-03-29,9,-19.259330114544415,-57.234617666563494,"{""type"":""MultiPoint"",""coordinates"":[]}"
LE07_226074_20170108_00000000000000000044,27,66950000,PORTO CIRIACO,4.0,2017-01-08,9,-19.698752227856236,-56.28133766605467,"{""type"":""MultiPoint"",""coordinates"":[]}"
LE07_226074_20170108_00000000000000000045,14,66945000,AQUIDAUANA,4.0,2017-01-08,9,-20.47810053267435,-55.802349949095614,"{""type"":""MultiPoint"",""coordinates"":[]}"
LE07_226074_20170108_00000000000000000046,0,66900000,ESTRADA MT-738,4.0,2017-01-08,9,-20.762216615395705,-56.09173668926215,"{""type"":""MultiPoint"",""coordinates"":[]}"
LE07_226074_20170108_0000000000000000004e,23,66910000,MIRANDA,4.0,2017-01-08,9,-20.240590974163606,-56.39980260374156,"{""type"":""MultiPoint"",""coordinates"":[]}"
LE07_226074_20170124_00000000000000000044,10,66950000,PORTO CIRIACO,62.0,2017-01-24,9,-19.698752227856236,-56.28133766605467,"{""type"":""MultiPoint"",""coordinates"":[]}"
LE07_226074_20170124_00000000000000000045,6,66945000,AQUIDAUANA,62.0,2017-01-24,9,-20.47810053267435,-55.802349949095614,"{""type"":""MultiPoint"",""coordinates"":[]}"
LE07_226074_20170124_00000000000000000046,0,66900000,ESTRADA MT-738,62.0,2017-01-24,9,-20.762216615395705,-56.09173668926215,"{""type"":""MultiPoint"",""coordinates"":[]}"
LE07_226074_20170124_0000000000000000004e,0,66910000,MIRANDA,62.0,2017-01-24,9,-20.240590974163606,-56.39980260374156,"{""type"":""MultiPoint"",""coordinates"":[]}"
LE07_226074_20170209_00000000000000000044,27,66950000,PORTO CIRIACO,24.0,2017-02-09,9,-19.698752227856236,-56.28133766605467,"{""type"":""MultiPoint"",""coordinates"":[]}"
LE07_226074_20170209_00000000000000000045,29,66945000,AQUIDAUANA,24.0,2017-02-09,9,-20.47810053267435,-55.802349949095614,"{""type"":""MultiPoint"",""coordinates"":[]}"
LE07_226074_20170209_00000000000000000046,9,66900000,ESTRADA MT-738,24.0,2017-02-09,9,-20.762216615395705,-56.09173668926215,"{""type"":""MultiPoint"",""coordinates"":[]}"
LE07_226074_20170209_0000000000000000004e,28,66910000,MIRANDA,24.0,2017-02-09,9,-20.240590974163606,-56.39980260374156,"{""type"":""MultiPoint"",""coordinates"":[]}"
LE07_226074_20170225_00000000000000000044,1,66950000,PORTO CIRIACO,56.0,2017-02-25,9,-19.698752227856236,-56.28133766605467,"{""type"":""MultiPoint"",""coordinates"":[]}"
LE07_226074_20170225_00000000000000000045,0,66945000,AQUIDAUANA,56.0,2017-02-25,9,-20.47810053267435,-55.802349949095614,"{""type"":""MultiPoint"",""coordinates"":[]}"
LE07_226074_20170225_00000000000000000046,23,66900000,ESTRADA MT-738,56.0,2017-02-25,9,-20.762216615395705,-56.09173668926215,"{""type"":""MultiPoint"",""coordinates"":[]}"
LE07_226074_20170225_0000000000000000004e,7,66910000,MIRANDA,56.0,2017-02-25,9,-20.240590974163606,-56.39980260374156,"{""type"":""MultiPoint"",""coordinates"":[]}"
LE07_226074_20170313_00000000000000000044,14,66950000,PORTO CIRIACO,78.0,2017-03-13,9,-19.698752227856236,-56.28133766605467,"{""type"":""MultiPoint"",""coordinates"":[]}"
LE07_226074_20170313_00000000000000000045,0,66945000,AQUIDAUANA,78.0,2017-03-13,9,-20.47810053267435,-55.802349949095614,"{""type"":""MultiPoint"",""coordinates"":[]}"
LE07_226074_20170313_00000000000000000046,0,66900000,ESTRADA MT-738,78.0,2017-03-13,9,-20.762216615395705,-56.09173668926215,"{""type"":""MultiPoint"",""coordinates"":[]}"
LE07_226074_20170313_0000000000000000004e,29,66910000,MIRANDA,78.0,2017-03-13,9,-20.240590974163606,-56.39980260374156,"{""type"":""MultiPoint"",""coordinates"":[]}"
LE07_226074_20170329_00000000000000000044,20,66950000,PORTO CIRIACO,1.0,2017-03-29,9,-19.698752227856236,-56.28133766605467,"{""type"":""MultiPoint"",""coordinates"":[]}"
LE07_226074_20170329_00000000000000000045,16,66945000,AQUIDAUANA,1.0,2017-03-29,9,-20.47810053267435,-55.802349949095614,"{""type"":""MultiPoint"",""coordinates"":[]}"
LE07_226074_20170329_00000000000000000046,12,66900000,ESTRADA MT-738,1.0,2017-03-29,9,-20.762216615395705,-56.09173668926215,"{""type"":""MultiPoint"",""coordinates"":[]}"
LE07_226074_20170329_0000000000000000004e,15,66910000,MIRANDA,1.0,2017-03-29,9,-20.240590974163606,-56.39980260374156,"{""type"":""MultiPoint"",""coordinates"":[]}"
LE07_226075_20170108_0000000000000000004f,11,67100000,PORTO MURTINHO,1.0,2017-01-08,9,-21.699662348063736,-57.892593699807854,"{""type"":""MultiPoint"",""coordinates"":[]}"
LE07_226075_20170124_0000000000000000004f,0,67100000,PORTO MURTINHO,64.0,2017-01-24,9,-21.699662348063736,-57.892593699807854,"{""type"":""MultiPoint"",""coordinates"":[]}"
LE07_226075_20170209_0000000000000000004f,28,67100000,PORTO MURTINHO,4.0,2017-02-09,9,-21.699662348063736,-57.892593699807854,"{""type"":""MultiPoint"",""coordinates"":[]}"
LE07_226075_20170225_0000000000000000004f,45,67100000,PORTO MURTINHO,24.0,2017-02-25,9,-21.699662348063736,-57.892593699807854,"{""type"":""MultiPoint"",""coordinates"":[]}"
LE07_226075_20170313_0000000000000000004f,0,67100000,PORTO MURTINHO,98.0,2017-03-13,9,-21.699662348063736,-57.892593699807854,"{""type"":""MultiPoint"",""coordinates"":[]}"
LE07_226075_20170329_0000000000000000004f,96,67100000,PORTO MURTINHO,10.0,2017-03-29,9,-21.699662348063736,-57.892593699807854,"{""type"":""MultiPoint"",""coordinates"":[]}"
LE07_227070_20170304_00000000000000000033,67,66250001,ROSARIO OESTES,12.0,2017-03-04,9,-14.832125010933837,-56.41446858710634,"{""type"":""MultiPoint"",""coordinates"":[]}"
LE07_227070_20170304_00000000000000000000,69,66255000,ACORIZAL,12.0,2017-03-04,9,-15.205521214947284,-56.36557454405531,"{""type"":""MultiPoint"",""coordinates"":[]}"
LE07_227070_20170304_00000000000000000028,0,66005600,PCH DIAMANTE MONTANTE1,12.0,2017-03-04,9,-14.32695345258895,-56.74954327666649,"{""type"":""MultiPoint"",""coordinates"":[]}"
LE07_227070_20170304_00000000000000000029,3,66005900,PCH DIAMANTE JUSANTE,12.0,2017-03-04,9,-14.345641545103941,-56.79636383772767,"{""type"":""MultiPoint"",""coordinates"":[]}"
LE07_227070_20170304_00000000000000000001,0,66005100,PCH ALTO PARAGUAI JUSANTE,12.0,2017-03-04,9,-14.477309881010092,-56.392445087003374,"{""type"":""MultiPoint"",""coordinates"":[]}"
LE07_227070_20170304_0000000000000000002b,0,66025500,PCH MARACANA JUSANTE,12.0,2017-03-04,9,-14.355063625629873,-57.616365766850045,"{""type"":""MultiPoint"",""coordinates"":[]}"
LE07_227070_20170304_0000000000000000003e,3,66053200,PCH GRACA BRENNAND JUSANTE,12.0,2017-03-04,9,-14.975801705976918,-57.74587143874527,"{""type"":""MultiPoint"",""coordinates"":[]}"
LE07_227070_20170304_0000000000000000002a,0,66005960,PCH SANTANA I JUSANTE,12.0,2017-03-04,9,-14.424812884307869,-56.82460332469914,"{""type"":""MultiPoint"",""coordinates"":[]}"
LE07_227070_20170304_0000000000000000000a,0,66052900,PCH PAMPEANA JUSANTE,12.0,2017-03-04,9,-14.826185488330646,-57.902849632230776,"{""type"":""MultiPoint"",""coordinates"":[]}"
LE07_227070_20170304_0000000000000000003a,0,66028500,PCH RIO DO SAPO MONTANTE 1,12.0,2017-03-04,9,-14.593407036037613,-57.774828840986345,"{""type"":""MultiPoint"",""coordinates"":[]}"
LE07_227070_20170304_0000000000000000003c,0,66029010,PCH RIO DO SAPO JUSANTE,12.0,2017-03-04,9,-14.612416183828449,-57.74539877403361,"{""type"":""MultiPoint"",""coordinates"":[]}"
LE07_227071_20170115_00000000000000000000,0,66255000,ACORIZAL,68.0,2017-01-15,9,-15.205521214947284,-56.36557454405531,"{""type"":""MultiPoint"",""coordinates"":[]}"
LE07_227071_20170115_00000000000000000013,0,66259200,CUIABA,68.0,2017-01-15,9,-15.565968189501529,-56.14108110151958,"{""type"":""MultiPoint"",""coordinates"":[]}"
LE07_227071_20170115_0000000000000000000b,0,66070004,CACERES (DNPVN),68.0,2017-01-15,9,-16.074096131844847,-57.7016460744972,"{""type"":""MultiPoint"",""coordinates"":[]}"
LE07_227071_20170115_0000000000000000002c,0,66340000,PORTO CERCADO (Ex-Retiro Biguacal),68.0,2017-01-15,9,-16.51409792829362,-56.37510810210758,"{""type"":""MultiPoint"",""coordinates"":[]}"
LE07_227071_20170216_00000000000000000000,0,66255000,ACORIZAL,61.0,2017-02-16,9,-15.205521214947284,-56.36557454405531,"{""type"":""MultiPoint"",""coordinates"":[]}"
LE07_227071_20170216_00000000000000000013,0,66259200,CUIABA,61.0,2017-02-16,9,-15.565968189501529,-56.14108110151958,"{""type"":""MultiPoint"",""coordinates"":[]}"
LE07_227071_20170216_0000000000000000000b,0,66070004,CACERES (DNPVN),61.0,2017-02-16,9,-16.074096131844847,-57.7016460744972,"{""type"":""MultiPoint"",""coordinates"":[]}"
LE07_227071_20170216_0000000000000000002c,0,66340000,PORTO CERCADO (Ex-Retiro Biguacal),61.0,2017-02-16,9,-16.51409792829362,-56.37510810210758,"{""type"":""MultiPoint"",""coordinates"":[]}"
LE07_227071_20170304_00000000000000000000,69,66255000,ACORIZAL,22.0,2017-03-04,9,-15.205521214947284,-56.36557454405531,"{""type"":""MultiPoint"",""coordinates"":[]}"
LE07_227071_20170304_0000000000000000000b,21,66070004,CACERES (DNPVN),22.0,2017-03-04,9,-16.074096131844847,-57.7016460744972,"{""type"":""MultiPoint"",""coordinates"":[]}"
LE07_227071_20170304_0000000000000000002c,0,66340000,PORTO CERCADO (Ex-Retiro Biguacal),22.0,2017-03-04,9,-16.51409792829362,-56.37510810210758,"{""type"":""MultiPoint"",""coordinates"":[]}"
LE07_227072_20170115_0000000000000000000c,60,66090000,DESCALVADOS,18.0,2017-01-15,9,-16.73035541118364,-57.74819908949517,"{""type"":""MultiPoint"",""coordinates"":[]}"
LE07_227072_20170115_0000000000000000000d,63,66120000,PORTO CONCEICAO,18.0,2017-01-15,9,-17.14331275974326,-57.36155043715087,"{""type"":""MultiPoint"",""coordinates"":[]}"
LE07_227072_20170115_00000000000000000049,69,66800000,AMOLAR,18.0,2017-01-15,9,-18.039039142955254,-57.48801500212765,"{""type"":""MultiPoint"",""coordinates"":[]}"
LE07_227072_20170115_00000000000000000047,0,66750000,PORTO DO ALEGRE,18.0,2017-01-15,9,-17.62333498814671,-56.96499812136688,"{""type"":""MultiPoint"",""coordinates"":[]}"
LE07_227072_20170115_00000000000000000005,1,66370000,ILHA CAMARGO,18.0,2017-01-15,9,-17.056181925158928,-56.5806949561767,"{""type"":""MultiPoint"",""coordinates"":[]}"
LE07_227072_20170131_0000000000000000000c,105,66090000,DESCALVADOS,21.0,2017-01-31,9,-16.73035541118364,-57.74819908949517,"{""type"":""MultiPoint"",""coordinates"":[]}"
LE07_227072_20170131_0000000000000000000d,51,66120000,PORTO CONCEICAO,21.0,2017-01-31,9,-17.14331275974326,-57.36155043715087,"{""type"":""MultiPoint"",""coordinates"":[]}"
LE07_227072_20170131_00000000000000000049,62,66800000,AMOLAR,21.0,2017-01-31,9,-18.039039142955254,-57.48801500212765,"{""type"":""MultiPoint"",""coordinates"":[]}"
LE07_227072_20170131_00000000000000000047,61,66750000,PORTO DO ALEGRE,21.0,2017-01-31,9,-17.62333498814671,-56.96499812136688,"{""type"":""MultiPoint"",""coordinates"":[]}"
LE07_227072_20170131_00000000000000000005,0,66370000,ILHA CAMARGO,21.0,2017-01-31,9,-17.056181925158928,-56.5806949561767,"{""type"":""MultiPoint"",""coordinates"":[]}"
LE07_227072_20170216_0000000000000000000c,86,66090000,DESCALVADOS,43.0,2017-02-16,9,-16.73035541118364,-57.74819908949517,"{""type"":""MultiPoint"",""coordinates"":[]}"
LE07_227072_20170216_0000000000000000000d,0,66120000,PORTO CONCEICAO,43.0,2017-02-16,9,-17.14331275974326,-57.36155043715087,"{""type"":""MultiPoint"",""coordinates"":[]}"
LE07_227072_20170216_00000000000000000049,62,66800000,AMOLAR,43.0,2017-02-16,9,-18.039039142955254,-57.48801500212765,"{""type"":""MultiPoint"",""coordinates"":[]}"
LE07_227072_20170216_00000000000000000047,0,66750000,PORTO DO ALEGRE,43.0,2017-02-16,9,-17.62333498814671,-56.96499812136688,"{""type"":""MultiPoint"",""coordinates"":[]}"
LE07_227072_20170216_00000000000000000005,0,66370000,ILHA CAMARGO,43.0,2017-02-16,9,-17.056181925158928,-56.5806949561767,"{""type"":""MultiPoint"",""coordinates"":[]}"
LE07_227072_20170304_0000000000000000000c,98,66090000,DESCALVADOS,15.0,2017-03-04,9,-16.73035541118364,-57.74819908949517,"{""type"":""MultiPoint"",""coordinates"":[]}"
LE07_227072_20170304_0000000000000000000d,42,66120000,PORTO CONCEICAO,15.0,2017-03-04,9,-17.14331275974326,-57.36155043715087,"{""type"":""MultiPoint"",""coordinates"":[]}"
LE07_227072_20170304_00000000000000000049,73,66800000,AMOLAR,15.0,2017-03-04,9,-18.039039142955254,-57.48801500212765,"{""type"":""MultiPoint"",""coordinates"":[]}"
LE07_227072_20170304_00000000000000000047,57,66750000,PORTO DO ALEGRE,15.0,2017-03-04,9,-17.62333498814671,-56.96499812136688,"{""type"":""MultiPoint"",""coordinates"":[]}"
LE07_227072_20170304_00000000000000000005,0,66370000,ILHA CAMARGO,15.0,2017-03-04,9,-17.056181925158928,-56.5806949561767,"{""type"":""MultiPoint"",""coordinates"":[]}"
LE07_227072_20170320_0000000000000000000c,0,66090000,DESCALVADOS,76.0,2017-03-20,9,-16.73035541118364,-57.74819908949517,"{""type"":""MultiPoint"",""coordinates"":[]}"
LE07_227072_20170320_0000000000000000000d,0,66120000,PORTO CONCEICAO,76.0,2017-03-20,9,-17.14331275974326,-57.36155043715087,"{""type"":""MultiPoint"",""coordinates"":[]}"
LE07_227072_20170320_00000000000000000049,66,66800000,AMOLAR,76.0,2017-03-20,9,-18.039039142955254,-57.48801500212765,"{""type"":""MultiPoint"",""coordinates"":[]}"
LE07_227072_20170320_00000000000000000047,0,66750000,PORTO DO ALEGRE,76.0,2017-03-20,9,-17.62333498814671,-56.96499812136688,"{""type"":""MultiPoint"",""coordinates"":[]}"
LE07_227072_20170320_00000000000000000005,0,66370000,ILHA CAMARGO,76.0,2017-03-20,9,-17.056181925158928,-56.5806949561767,"{""type"":""MultiPoint"",""coordinates"":[]}"
LE07_227073_20170115_00000000000000000048,62,66810000,SAO FRANSCISCO,9.0,2017-01-15,9,-18.390532242594183,-57.3796989784384,"{""type"":""MultiPoint"",""coordinates"":[]}"
LE07_227073_20170115_00000000000000000049,69,66800000,AMOLAR,9.0,2017-01-15,9,-18.039039142955254,-57.48801500212765,"{""type"":""MultiPoint"",""coordinates"":[]}"
LE07_227073_20170115_0000000000000000004d,87,66895000,PORTO DA MANGA,9.0,2017-01-15,9,-19.259330114544415,-57.234617666563494,"{""type"":""MultiPoint"",""coordinates"":[]}"
LE07_227073_20170131_00000000000000000048,0,66810000,SAO FRANSCISCO,29.0,2017-01-31,9,-18.390532242594183,-57.3796989784384,"{""type"":""MultiPoint"",""coordinates"":[]}"
LE07_227073_20170131_00000000000000000049,63,66800000,AMOLAR,29.0,2017-01-31,9,-18.039039142955254,-57.48801500212765,"{""type"":""MultiPoint"",""coordinates"":[]}"
LE07_227073_20170131_0000000000000000004d,100,66895000,PORTO DA MANGA,29.0,2017-01-31,9,-19.259330114544415,-57.234617666563494,"{""type"":""MultiPoint"",""coordinates"":[]}"
LE07_227073_20170216_00000000000000000048,68,66810000,SAO FRANSCISCO,17.0,2017-02-16,9,-18.390532242594183,-57.3796989784384,"{""type"":""MultiPoint"",""coordinates"":[]}"
LE07_227073_20170216_00000000000000000049,67,66800000,AMOLAR,17.0,2017-02-16,9,-18.039039142955254,-57.48801500212765,"{""type"":""MultiPoint"",""coordinates"":[]}"
LE07_227073_20170216_0000000000000000004d,99,66895000,PORTO DA MANGA,17.0,2017-02-16,9,-19.259330114544415,-57.234617666563494,"{""type"":""MultiPoint"",""coordinates"":[]}"
LE07_227073_20170304_00000000000000000048,130,66810000,SAO FRANSCISCO,11.0,2017-03-04,9,-18.390532242594183,-57.3796989784384,"{""type"":""MultiPoint"",""coordinates"":[]}"
LE07_227073_20170304_00000000000000000049,69,66800000,AMOLAR,11.0,2017-03-04,9,-18.039039142955254,-57.48801500212765,"{""type"":""MultiPoint"",""coordinates"":[]}"
LE07_227073_20170304_0000000000000000004d,17,66895000,PORTO DA MANGA,11.0,2017-03-04,9,-19.259330114544415,-57.234617666563494,"{""type"":""MultiPoint"",""coordinates"":[]}"
LE07_227073_20170320_00000000000000000048,114,66810000,SAO FRANSCISCO,21.0,2017-03-20,9,-18.390532242594183,-57.3796989784384,"{""type"":""MultiPoint"",""coordinates"":[]}"
LE07_227073_20170320_00000000000000000049,65,66800000,AMOLAR,21.0,2017-03-20,9,-18.039039142955254,-57.48801500212765,"{""type"":""MultiPoint"",""coordinates"":[]}"
LE07_227073_20170320_0000000000000000004d,48,66895000,PORTO DA MANGA,21.0,2017-03-20,9,-19.259330114544415,-57.234617666563494,"{""type"":""MultiPoint"",""coordinates"":[]}"
LE07_227075_20170115_0000000000000000004f,33,67100000,PORTO MURTINHO,19.0,2017-01-15,9,-21.699662348063736,-57.892593699807854,"{""type"":""MultiPoint"",""coordinates"":[]}"
LE07_227075_20170131_0000000000000000004f,0,67100000,PORTO MURTINHO,72.0,2017-01-31,9,-21.699662348063736,-57.892593699807854,"{""type"":""MultiPoint"",""coordinates"":[]}"
LE07_227075_20170216_0000000000000000004f,91,67100000,PORTO MURTINHO,5.0,2017-02-16,9,-21.699662348063736,-57.892593699807854,"{""type"":""MultiPoint"",""coordinates"":[]}"
LE07_227075_20170304_0000000000000000004f,113,67100000,PORTO MURTINHO,77.0,2017-03-04,9,-21.699662348063736,-57.892593699807854,"{""type"":""MultiPoint"",""coordinates"":[]}"
LE07_227075_20170320_0000000000000000004f,119,67100000,PORTO MURTINHO,10.0,2017-03-20,9,-21.699662348063736,-57.892593699807854,"{""type"":""MultiPoint"",""coordinates"":[]}"
LE07_228070_20170106_00000000000000000009,0,66050500,PCH JUBINHA III MONTANTE,76.0,2017-01-06,9,-14.731023812749058,-58.12163542541809,"{""type"":""MultiPoint"",""coordinates"":[]}"
LE07_228070_20170106_0000000000000000003b,0,66052500,UHE JUBA II JUSANTE,76.0,2017-01-06,9,-14.761430422832504,-58.02496657368045,"{""type"":""MultiPoint"",""coordinates"":[]}"
LE07_228070_20170106_00000000000000000003,2,66071355,PCH ANTONIO BRENNAND MONTANTE 1,76.0,2017-01-06,9,-15.037676192194528,-58.73663910181041,"{""type"":""MultiPoint"",""coordinates"":[]}"
LE07_228070_20170106_00000000000000000004,0,66071363,PCH ANTÃ”NIO BRENNAND JUSANTE,76.0,2017-01-06,9,-15.054379984740732,-58.74855827892627,"{""type"":""MultiPoint"",""coordinates"":[]}"
LE07_228070_20170106_00000000000000000022,45,66071382,UHE JAURU MONTANTE,76.0,2017-01-06,9,-15.16034160307377,-58.726213723547446,"{""type"":""MultiPoint"",""coordinates"":[]}"
LE07_228070_20170106_0000000000000000002b,0,66025500,PCH MARACANA JUSANTE,76.0,2017-01-06,9,-14.355063625629873,-57.616365766850045,"{""type"":""MultiPoint"",""coordinates"":[]}"
LE07_228070_20170106_0000000000000000003e,0,66053200,PCH GRACA BRENNAND JUSANTE,76.0,2017-01-06,9,-14.975801705976918,-57.74587143874527,"{""type"":""MultiPoint"",""coordinates"":[]}"
LE07_228070_20170106_00000000000000000020,0,66071380,PCH OMBREIRAS JUSANTE,76.0,2017-01-06,9,-15.13170079700749,-58.730110977868165,"{""type"":""MultiPoint"",""coordinates"":[]}"
LE07_228070_20170106_0000000000000000003d,1,66051000,UHE JUBA I MONTANTE,76.0,2017-01-06,9,-14.710788412168517,-58.1036964618801,"{""type"":""MultiPoint"",""coordinates"":[]}"
LE07_228070_20170106_0000000000000000000a,2,66052900,PCH PAMPEANA JUSANTE,76.0,2017-01-06,9,-14.826185488330646,-57.902849632230776,"{""type"":""MultiPoint"",""coordinates"":[]}"
LE07_228070_20170106_0000000000000000003a,0,66028500,PCH RIO DO SAPO MONTANTE 1,76.0,2017-01-06,9,-14.593407036037613,-57.774828840986345,"{""type"":""MultiPoint"",""coordinates"":[]}"
LE07_228070_20170106_0000000000000000003c,0,66029010,PCH RIO DO SAPO JUSANTE,76.0,2017-01-06,9,-14.612416183828449,-57.74539877403361,"{""type"":""MultiPoint"",""coordinates"":[]}"
LE07_228070_20170223_00000000000000000009,0,66050500,PCH JUBINHA III MONTANTE,13.0,2017-02-23,9,-14.731023812749058,-58.12163542541809,"{""type"":""MultiPoint"",""coordinates"":[]}"
LE07_228070_20170223_0000000000000000003b,4,66052500,UHE JUBA II JUSANTE,13.0,2017-02-23,9,-14.761430422832504,-58.02496657368045,"{""type"":""MultiPoint"",""coordinates"":[]}"
LE07_228070_20170223_00000000000000000003,0,66071355,PCH ANTONIO BRENNAND MONTANTE 1,13.0,2017-02-23,9,-15.037676192194528,-58.73663910181041,"{""type"":""MultiPoint"",""coordinates"":[]}"
LE07_228070_20170223_00000000000000000004,1,66071363,PCH ANTÃ”NIO BRENNAND JUSANTE,13.0,2017-02-23,9,-15.054379984740732,-58.74855827892627,"{""type"":""MultiPoint"",""coordinates"":[]}"
LE07_228070_20170223_00000000000000000022,41,66071382,UHE JAURU MONTANTE,13.0,2017-02-23,9,-15.16034160307377,-58.726213723547446,"{""type"":""MultiPoint"",""coordinates"":[]}"
LE07_228070_20170223_0000000000000000002b,0,66025500,PCH MARACANA JUSANTE,13.0,2017-02-23,9,-14.355063625629873,-57.616365766850045,"{""type"":""MultiPoint"",""coordinates"":[]}"
LE07_228070_20170223_0000000000000000003e,14,66053200,PCH GRACA BRENNAND JUSANTE,13.0,2017-02-23,9,-14.975801705976918,-57.74587143874527,"{""type"":""MultiPoint"",""coordinates"":[]}"
LE07_228070_20170223_00000000000000000020,3,66071380,PCH OMBREIRAS JUSANTE,13.0,2017-02-23,9,-15.13170079700749,-58.730110977868165,"{""type"":""MultiPoint"",""coordinates"":[]}"
LE07_228070_20170223_0000000000000000003d,4,66051000,UHE JUBA I MONTANTE,13.0,2017-02-23,9,-14.710788412168517,-58.1036964618801,"{""type"":""MultiPoint"",""coordinates"":[]}"
LE07_228070_20170223_0000000000000000000a,0,66052900,PCH PAMPEANA JUSANTE,13.0,2017-02-23,9,-14.826185488330646,-57.902849632230776,"{""type"":""MultiPoint"",""coordinates"":[]}"
LE07_228070_20170223_0000000000000000003a,0,66028500,PCH RIO DO SAPO MONTANTE 1,13.0,2017-02-23,9,-14.593407036037613,-57.774828840986345,"{""type"":""MultiPoint"",""coordinates"":[]}"
LE07_228070_20170223_0000000000000000003c,12,66029010,PCH RIO DO SAPO JUSANTE,13.0,2017-02-23,9,-14.612416183828449,-57.74539877403361,"{""type"":""MultiPoint"",""coordinates"":[]}"
LE07_228070_20170311_00000000000000000009,0,66050500,PCH JUBINHA III MONTANTE,36.0,2017-03-11,9,-14.731023812749058,-58.12163542541809,"{""type"":""MultiPoint"",""coordinates"":[]}"
LE07_228070_20170311_0000000000000000003b,14,66052500,UHE JUBA II JUSANTE,36.0,2017-03-11,9,-14.761430422832504,-58.02496657368045,"{""type"":""MultiPoint"",""coordinates"":[]}"
LE07_228070_20170311_00000000000000000003,10,66071355,PCH ANTONIO BRENNAND MONTANTE 1,36.0,2017-03-11,9,-15.037676192194528,-58.73663910181041,"{""type"":""MultiPoint"",""coordinates"":[]}"
LE07_228070_20170311_00000000000000000004,0,66071363,PCH ANTÃ”NIO BRENNAND JUSANTE,36.0,2017-03-11,9,-15.054379984740732,-58.74855827892627,"{""type"":""MultiPoint"",""coordinates"":[]}"
LE07_228070_20170311_00000000000000000022,160,66071382,UHE JAURU MONTANTE,36.0,2017-03-11,9,-15.16034160307377,-58.726213723547446,"{""type"":""MultiPoint"",""coordinates"":[]}"
LE07_228070_20170311_0000000000000000002b,0,66025500,PCH MARACANA JUSANTE,36.0,2017-03-11,9,-14.355063625629873,-57.616365766850045,"{""type"":""MultiPoint"",""coordinates"":[]}"
LE07_228070_20170311_0000000000000000003e,8,66053200,PCH GRACA BRENNAND JUSANTE,36.0,2017-03-11,9,-14.975801705976918,-57.74587143874527,"{""type"":""MultiPoint"",""coordinates"":[]}"
LE07_228070_20170311_00000000000000000020,0,66071380,PCH OMBREIRAS JUSANTE,36.0,2017-03-11,9,-15.13170079700749,-58.730110977868165,"{""type"":""MultiPoint"",""coordinates"":[]}"
LE07_228070_20170311_0000000000000000003d,4,66051000,UHE JUBA I MONTANTE,36.0,2017-03-11,9,-14.710788412168517,-58.1036964618801,"{""type"":""MultiPoint"",""coordinates"":[]}"
LE07_228070_20170311_0000000000000000000a,0,66052900,PCH PAMPEANA JUSANTE,36.0,2017-03-11,9,-14.826185488330646,-57.902849632230776,"{""type"":""MultiPoint"",""coordinates"":[]}"
LE07_228070_20170311_0000000000000000003a,0,66028500,PCH RIO DO SAPO MONTANTE 1,36.0,2017-03-11,9,-14.593407036037613,-57.774828840986345,"{""type"":""MultiPoint"",""coordinates"":[]}"
LE07_228070_20170311_0000000000000000003c,4,66029010,PCH RIO DO SAPO JUSANTE,36.0,2017-03-11,9,-14.612416183828449,-57.74539877403361,"{""type"":""MultiPoint"",""coordinates"":[]}"
LE07_228070_20170327_00000000000000000009,0,66050500,PCH JUBINHA III MONTANTE,50.0,2017-03-27,9,-14.731023812749058,-58.12163542541809,"{""type"":""MultiPoint"",""coordinates"":[]}"
LE07_228070_20170327_0000000000000000003b,10,66052500,UHE JUBA II JUSANTE,50.0,2017-03-27,9,-14.761430422832504,-58.02496657368045,"{""type"":""MultiPoint"",""coordinates"":[]}"
LE07_228070_20170327_00000000000000000003,0,66071355,PCH ANTONIO BRENNAND MONTANTE 1,50.0,2017-03-27,9,-15.037676192194528,-58.73663910181041,"{""type"":""MultiPoint"",""coordinates"":[]}"
LE07_228070_20170327_00000000000000000004,0,66071363,PCH ANTÃ”NIO BRENNAND JUSANTE,50.0,2017-03-27,9,-15.054379984740732,-58.74855827892627,"{""type"":""MultiPoint"",""coordinates"":[]}"
LE07_228070_20170327_00000000000000000022,0,66071382,UHE JAURU MONTANTE,50.0,2017-03-27,9,-15.16034160307377,-58.726213723547446,"{""type"":""MultiPoint"",""coordinates"":[]}"
LE07_228070_20170327_0000000000000000002b,0,66025500,PCH MARACANA JUSANTE,50.0,2017-03-27,9,-14.355063625629873,-57.616365766850045,"{""type"":""MultiPoint"",""coordinates"":[]}"
LE07_228070_20170327_0000000000000000003e,0,66053200,PCH GRACA BRENNAND JUSANTE,50.0,2017-03-27,9,-14.975801705976918,-57.74587143874527,"{""type"":""MultiPoint"",""coordinates"":[]}"
LE07_228070_20170327_00000000000000000020,0,66071380,PCH OMBREIRAS JUSANTE,50.0,2017-03-27,9,-15.13170079700749,-58.730110977868165,"{""type"":""MultiPoint"",""coordinates"":[]}"
LE07_228070_20170327_0000000000000000003d,0,66051000,UHE JUBA I MONTANTE,50.0,2017-03-27,9,-14.710788412168517,-58.1036964618801,"{""type"":""MultiPoint"",""coordinates"":[]}"
LE07_228070_20170327_0000000000000000000a,0,66052900,PCH PAMPEANA JUSANTE,50.0,2017-03-27,9,-14.826185488330646,-57.902849632230776,"{""type"":""MultiPoint"",""coordinates"":[]}"
LE07_228070_20170327_0000000000000000003a,0,66028500,PCH RIO DO SAPO MONTANTE 1,50.0,2017-03-27,9,-14.593407036037613,-57.774828840986345,"{""type"":""MultiPoint"",""coordinates"":[]}"
LE07_228070_20170327_0000000000000000003c,0,66029010,PCH RIO DO SAPO JUSANTE,50.0,2017-03-27,9,-14.612416183828449,-57.74539877403361,"{""type"":""MultiPoint"",""coordinates"":[]}"
LE07_228071_20170106_00000000000000000015,12,66071470,PCH FIGUEIROPOLIS JUSANTE,47.0,2017-01-06,9,-15.396847863847487,-58.632692997153534,"{""type"":""MultiPoint"",""coordinates"":[]}"
LE07_228071_20170106_00000000000000000016,0,66071397,PCH SALTO JUSANTE,47.0,2017-01-06,9,-15.287626642644383,-58.70764156765985,"{""type"":""MultiPoint"",""coordinates"":[]}"
LE07_228071_20170106_00000000000000000021,0,66071392,PCH INDIAVAI JUSANTE,47.0,2017-01-06,9,-15.263685729088433,-58.72047486049167,"{""type"":""MultiPoint"",""coordinates"":[]}"
LE07_228071_20170106_00000000000000000022,46,66071382,UHE JAURU MONTANTE,47.0,2017-01-06,9,-15.16034160307377,-58.726213723547446,"{""type"":""MultiPoint"",""coordinates"":[]}"
LE07_228071_20170106_00000000000000000020,0,66071380,PCH OMBREIRAS JUSANTE,47.0,2017-01-06,9,-15.13170079700749,-58.730110977868165,"{""type"":""MultiPoint"",""coordinates"":[]}"
LE07_228071_20170223_00000000000000000015,22,66071470,PCH FIGUEIROPOLIS JUSANTE,15.0,2017-02-23,9,-15.396847863847487,-58.632692997153534,"{""type"":""MultiPoint"",""coordinates"":[]}"
LE07_228071_20170223_00000000000000000016,8,66071397,PCH SALTO JUSANTE,15.0,2017-02-23,9,-15.287626642644383,-58.70764156765985,"{""type"":""MultiPoint"",""coordinates"":[]}"
LE07_228071_20170223_00000000000000000021,19,66071392,PCH INDIAVAI JUSANTE,15.0,2017-02-23,9,-15.263685729088433,-58.72047486049167,"{""type"":""MultiPoint"",""coordinates"":[]}"
LE07_228071_20170223_00000000000000000022,41,66071382,UHE JAURU MONTANTE,15.0,2017-02-23,9,-15.16034160307377,-58.726213723547446,"{""type"":""MultiPoint"",""coordinates"":[]}"
LE07_228071_20170223_00000000000000000020,3,66071380,PCH OMBREIRAS JUSANTE,15.0,2017-02-23,9,-15.13170079700749,-58.730110977868165,"{""type"":""MultiPoint"",""coordinates"":[]}"
LE07_228071_20170311_00000000000000000015,0,66071470,PCH FIGUEIROPOLIS JUSANTE,27.0,2017-03-11,9,-15.396847863847487,-58.632692997153534,"{""type"":""MultiPoint"",""coordinates"":[]}"
LE07_228071_20170311_00000000000000000016,12,66071397,PCH SALTO JUSANTE,27.0,2017-03-11,9,-15.287626642644383,-58.70764156765985,"{""type"":""MultiPoint"",""coordinates"":[]}"
LE07_228071_20170311_00000000000000000021,5,66071392,PCH INDIAVAI JUSANTE,27.0,2017-03-11,9,-15.263685729088433,-58.72047486049167,"{""type"":""MultiPoint"",""coordinates"":[]}"
LE07_228071_20170311_00000000000000000022,159,66071382,UHE JAURU MONTANTE,27.0,2017-03-11,9,-15.16034160307377,-58.726213723547446,"{""type"":""MultiPoint"",""coordinates"":[]}"
LE07_228071_20170311_00000000000000000020,0,66071380,PCH OMBREIRAS JUSANTE,27.0,2017-03-11,9,-15.13170079700749,-58.730110977868165,"{""type"":""MultiPoint"",""coordinates"":[]}"
LE07_228071_20170327_00000000000000000015,9,66071470,PCH FIGUEIROPOLIS JUSANTE,68.0,2017-03-27,9,-15.396847863847487,-58.632692997153534,"{""type"":""MultiPoint"",""coordinates"":[]}"
LE07_228071_20170327_00000000000000000016,0,66071397,PCH SALTO JUSANTE,68.0,2017-03-27,9,-15.287626642644383,-58.70764156765985,"{""type"":""MultiPoint"",""coordinates"":[]}"
LE07_228071_20170327_00000000000000000021,0,66071392,PCH INDIAVAI JUSANTE,68.0,2017-03-27,9,-15.263685729088433,-58.72047486049167,"{""type"":""MultiPoint"",""coordinates"":[]}"
LE07_228071_20170327_00000000000000000022,0,66071382,UHE JAURU MONTANTE,68.0,2017-03-27,9,-15.16034160307377,-58.726213723547446,"{""type"":""MultiPoint"",""coordinates"":[]}"
LE07_228071_20170327_00000000000000000020,0,66071380,PCH OMBREIRAS JUSANTE,68.0,2017-03-27,9,-15.13170079700749,-58.730110977868165,"{""type"":""MultiPoint"",""coordinates"":[]}"
