EstacaoCodigo;NomeEstacao;Data;Hora;Largura;ConcentracaoMatSuspensao
66255000;Acorizal;20/10/2016;01/01/1900 07:00;121.81;25.5
66255000;Acorizal;03/06/2016;01/01/1900 07:00;125.15;26.9
66255000;Acorizal;23/01/2016;01/01/1900 07:00;127.86;46.6
66255000;Acorizal;21/12/2015;01/01/1900 07:00;124.85;28.1
66255000;Acorizal;08/06/2015;01/01/1900 07:00;123.3;20.5
66255000;Acorizal;29/01/2015;01/01/1900 07:00;129.3;31.8
66255000;Acorizal;13/09/2014;01/01/1900 07:00;120.6;12.6
66255000;Acorizal;07/07/2014;01/01/1900 07:00;121.6;9.3
66255000;Acorizal;11/02/2014;01/01/1900 07:00;128.07;34.3
66255000;Acorizal;18/10/2013;01/01/1900 07:00;124.54;18.9
66255000;Acorizal;27/11/2012;01/01/1900 07:00;128;86
66255000;Acorizal;11/08/2012;01/01/1900 07:00;125.3;27
66255000;Acorizal;30/05/2012;01/01/1900 07:00;128.1;28
66255000;Acorizal;18/02/2012;01/01/1900 07:00;129.2;48
66255000;Acorizal;21/11/2011;01/01/1900 07:00;125.7;50
66255000;Acorizal;25/08/2011;01/01/1900 07:00;125.6;14
66255000;Acorizal;22/05/2011;01/01/1900 07:00;126;15
66255000;Acorizal;12/02/2011;01/01/1900 07:00;137.2;140
66255000;Acorizal;07/08/2010;01/01/1900 07:00;126;7
66255000;Acorizal;28/04/2010;01/01/1900 07:00;125.5;55
66255000;Acorizal;21/01/2010;01/01/1900 07:00;129.5;49
66255000;Acorizal;23/10/2009;01/01/1900 07:00;127;51
66255000;Acorizal;28/07/2009;01/01/1900 08:40;125.5;7
66255000;Acorizal;16/04/2009;01/01/1900 08:50;138.8;52
66255000;Acorizal;24/01/2009;01/01/1900 08:20;126.4;30
66255000;Acorizal;24/10/2008;01/01/1900 07:00;125.4;37
66255000;Acorizal;18/07/2008;01/01/1900 07:00;125.8;22
66255000;Acorizal;11/03/2008;01/01/1900 07:00;136.6;103
66255000;Acorizal;12/12/2007;01/01/1900 07:00;129;122
66255000;Acorizal;13/09/2007;01/01/1900 07:00;125.6;30
66255000;Acorizal;06/06/2007;01/01/1900 07:00;125.7;26
66255000;Acorizal;12/03/2007;01/01/1900 07:00;127.2;283
66255000;Acorizal;07/12/2006;01/01/1900 07:00;132;114
66255000;Acorizal;31/08/2006;01/01/1900 07:00;125;40.33
66255000;Acorizal;19/06/2006;01/01/1900 07:00;125.8;33
66255000;Acorizal;13/04/2006;01/01/1900 07:00;139;38
66255000;Acorizal;06/12/2005;01/01/1900 13:15;126.8;95.33
66255000;Acorizal;06/09/2005;01/01/1900 10:05;125.3;64.67
66255000;Acorizal;17/06/2005;01/01/1900 15:15;125.7;70.67
66255000;Acorizal;23/03/2005;01/01/1900 09:30;136.6;190.3
66255000;Acorizal;06/12/2004;01/01/1900 07:00;126.8;47.3
66255000;Acorizal;09/09/2004;01/01/1900 07:00;126;34
66255000;Acorizal;08/06/2004;01/01/1900 07:00;127;55.3
66255000;Acorizal;15/03/2004;01/01/1900 07:00;131.6;92
66255000;Acorizal;19/01/2004;01/01/1900 07:00;137.2;190
66255000;Acorizal;12/06/2003;01/01/1900 10:00;126.4;36.67
66255000;Acorizal;09/09/2002;01/01/1900 07:00;128.4;26
66255000;Acorizal;05/06/2002;01/01/1900 07:00;126.8;48
66255000;Acorizal;13/03/2002;01/01/1900 07:00;133;52
66255000;Acorizal;06/12/2001;01/01/1900 07:00;133;230.7
66255000;Acorizal;08/11/2001;01/01/1900 07:00;128;42.7
66255000;Acorizal;27/10/2001;01/01/1900 07:00;126.4;49.3
66255000;Acorizal;19/09/2001;01/01/1900 07:00;126.6;26.7
66255000;Acorizal;23/08/2001;01/01/1900 07:00;125.4;62.7
66255000;Acorizal;22/06/2001;01/01/1900 07:00;125.8;18
66255000;Acorizal;03/05/2001;01/01/1900 07:00;125.4;80.7
66255000;Acorizal;03/04/2001;01/01/1900 07:00;128.2;81.3
66255000;Acorizal;06/03/2001;01/01/1900 07:00;130;126.7
66255000;Acorizal;06/02/2001;01/01/1900 07:00;128.4;85
66255000;Acorizal;08/01/2001;01/01/1900 07:00;127.6;53.3
66255000;Acorizal;12/12/2000;01/01/1900 07:00;134.4;294
66255000;Acorizal;07/11/2000;01/01/1900 07:00;130.7;249.3
66255000;Acorizal;10/10/2000;01/01/1900 07:00;124;35.3
66255000;Acorizal;25/09/2000;01/01/1900 07:00;124;
66255000;Acorizal;08/08/2000;01/01/1900 07:00;124;28.7
66255000;Acorizal;05/07/2000;01/01/1900 07:00;124;58
66255000;Acorizal;07/06/2000;01/01/1900 07:00;124;32
66255000;Acorizal;09/05/2000;01/01/1900 07:00;124;40
66255000;Acorizal;26/04/2000;01/01/1900 07:00;124;30
66255000;Acorizal;07/03/2000;01/01/1900 07:00;131;84.3
66255000;Acorizal;08/02/2000;01/01/1900 07:00;132;214.7
66255000;Acorizal;12/01/2000;01/01/1900 07:00;127.4;56.3
66255000;Acorizal;10/12/1999;01/01/1900 07:00;128.6;109.7
66255000;Acorizal;15/11/1999;01/01/1900 07:00;127;81.3
66255000;Acorizal;12/10/1999;01/01/1900 07:00;127.2;17.7
66255000;Acorizal;14/09/1999;01/01/1900 07:00;126.7;14.3
66370000;Ilha Camargo;19/11/2019;01/01/1900 10:37;109.14;109.8
66370000;Ilha Camargo;23/05/2019;01/01/1900 14:57;119.5;19.8
66370000;Ilha Camargo;20/02/2019;01/01/1900 14:21;116.2;44.4
66370000;Ilha Camargo;16/11/2018;01/01/1900 11:15;112.9;120.3
66370000;Ilha Camargo;16/05/2018;01/01/1900 14:13;116;21.9
66370000;Ilha Camargo;10/02/2018;01/01/1900 11:18;113.1;155.8
66370000;Ilha Camargo;24/10/2017;01/01/1900 12:52;95.37;86.5
66370000;Ilha Camargo;31/07/2017;01/01/1900 12:32;106.28;81.3
66370000;Ilha Camargo;31/05/2017;01/01/1900 10:48;110.65;52.2
66370000;Ilha Camargo;10/02/2017;01/01/1900 12:52;112.87;51.5
66370000;Ilha Camargo;12/09/2016;01/01/1900 15:48;106.87;80.9
66370000;Ilha Camargo;07/06/2016;01/01/1900 12:32;110.34;85.8
66370000;Ilha Camargo;19/02/2016;01/01/1900 13:42;99.82;38.5
66370000;Ilha Camargo;18/09/2015;01/01/1900 13:05;104.01;125.2
66370000;Ilha Camargo;15/06/2015;01/01/1900 14:21;112.4;31.2
66370000;Ilha Camargo;10/02/2015;01/01/1900 13:18;108.93;28.7
66370000;Ilha Camargo;25/09/2014;01/01/1900 10:55;106.47;111.1
66370000;Ilha Camargo;06/06/2014;01/01/1900 12:38;112.27;33.6
66370000;Ilha Camargo;11/02/2014;01/01/1900 12:48;110.86;37.9
66370000;Ilha Camargo;03/09/2013;01/01/1900 11:05;98.22;156.2
66370000;Ilha Camargo;06/06/2013;01/01/1900 14:50;109.22;71
66370000;Ilha Camargo;13/03/2013;01/01/1900 12:05;112.5;16.1
66370000;Ilha Camargo;17/07/2012;01/01/1900 11:05;105.2;82.6
66370000;Ilha Camargo;19/04/2012;01/01/1900 14:18;111.9;25.2
66370000;Ilha Camargo;23/11/2011;01/01/1900 14:19;106.2;91.3
66370000;Ilha Camargo;30/08/2011;01/01/1900 15:40;104;79.89
66370000;Ilha Camargo;12/05/2010;01/01/1900 13:43;106.6;19.97
66370000;Ilha Camargo;26/01/2010;01/01/1900 12:00;109.9;90.81
66370000;Ilha Camargo;20/10/2009;01/01/1900 12:31;102.9;98.09
66370000;Ilha Camargo;24/07/2009;01/01/1900 11:20;105.1;91.44
66370000;Ilha Camargo;30/03/2009;01/01/1900 15:25;109.1;29.12
66370000;Ilha Camargo;25/09/2008;01/01/1900 13:00;103.9;81.61
66370000;Ilha Camargo;26/06/2008;01/01/1900 15:50;106.4;79.61
66470000;Sao Jose do Borireu;05/02/2020;01/01/1900 18:18;82.21;368,30
66470000;Sao Jose do Borireu;18/11/2019;01/01/1900 16:05;83.53;171,70
66470000;Sao Jose do Borireu;27/05/2019;01/01/1900 14:04;81.2;245,20
66470000;Sao Jose do Borireu;20/02/2019;01/01/1900 18:56;83.7;381,70
66470000;Sao Jose do Borireu;15/11/2018;01/01/1900 11:20;81.2;465,00
66470000;Sao Jose do Borireu;21/05/2018;01/01/1900 13:48;80;2,50
66470000;Sao Jose do Borireu;09/02/2018;01/01/1900 20:43;81.97;258,80
66470000;Sao Jose do Borireu;25/10/2017;01/01/1900 11:48;71.34;105,90
66470000;Sao Jose do Borireu;30/05/2017;01/01/1900 15:58;80.04;294,50
66470000;Sao Jose do Borireu;09/02/2017;01/01/1900 19:40;83.76;432,00
66470000;Sao Jose do Borireu;06/06/2016;01/01/1900 16:56;79.24;141,40
66470000;Sao Jose do Borireu;20/02/2016;01/01/1900 09:05;75.26;267,30
66470000;Sao Jose do Borireu;17/09/2015;01/01/1900 17:44;79.27;147,40
66470000;Sao Jose do Borireu;16/06/2015;01/01/1900 08:52;78.8;150,10
66470000;Sao Jose do Borireu;09/02/2015;01/01/1900 17:13;81.09;243,00
66470000;Sao Jose do Borireu;24/09/2014;01/01/1900 09:08;76.57;19,20
66470000;Sao Jose do Borireu;05/06/2014;01/01/1900 17:08;78.92;194,00
66470000;Sao Jose do Borireu;10/02/2014;01/01/1900 17:30;81.26;319,10
66470000;Sao Jose do Borireu;28/08/2013;01/01/1900 15:15;74.5;76,00
66470000;Sao Jose do Borireu;07/06/2013;01/01/1900 11:25;82.47;351,60
66470000;Sao Jose do Borireu;12/03/2013;01/01/1900 19:00;82.6;335,60
66470000;Sao Jose do Borireu;16/07/2012;01/01/1900 17:15;77.8;80,00
66470000;Sao Jose do Borireu;20/04/2012;01/01/1900 08:21;79.4;162,80
66470000;Sao Jose do Borireu;23/11/2011;01/01/1900 18:36;75.6;148,90
66470000;Sao Jose do Borireu;26/08/2011;01/01/1900 14:20;72.2;84,87
66470000;Sao Jose do Borireu;12/05/2010;01/01/1900 18:25;78.7;118,52
66470000;Sao Jose do Borireu;12/05/2010;01/01/1900 17:45;78.7;118,52
66470000;Sao Jose do Borireu;25/01/2010;01/01/1900 18:30;87.4;166,52
66470000;Sao Jose do Borireu;19/10/2009;01/01/1900 18:00;73.3;109,04
66470000;Sao Jose do Borireu;23/07/2009;01/01/1900 12:15;75.3;125,67
66470000;Sao Jose do Borireu;31/03/2009;01/01/1900 09:00;88;365,60
66470000;Sao Jose do Borireu;24/09/2008;01/01/1900 10:35;70;139,92
66470000;Sao Jose do Borireu;26/06/2008;01/01/1900 12:10;80.2;166,65
66600000;Sao Jeronimo;07/02/2020;01/01/1900 10:23;136.7;517
66600000;Sao Jeronimo;24/11/2019;01/01/1900 10:48;133.16;28.6
66600000;Sao Jeronimo;26/05/2019;01/01/1900 11:11;138;14.5
66600000;Sao Jeronimo;22/02/2019;01/01/1900 11:01;134.9;15.5
66600000;Sao Jeronimo;17/11/2018;01/01/1900 10:27;134.9;29.1
66600000;Sao Jeronimo;19/05/2018;01/01/1900 11:25;136.7;16.7
66600000;Sao Jeronimo;16/02/2018;01/01/1900 10:16;134.88;32.9
66600000;Sao Jeronimo;01/11/2017;01/01/1900 09:25;123.16;14.7
66600000;Sao Jeronimo;05/08/2017;01/01/1900 11:45;132.2;11.2
66600000;Sao Jeronimo;05/06/2017;01/01/1900 11:25;133.39;230.8
66600000;Sao Jeronimo;19/02/2017;01/01/1900 12:10;136;8.9
66600000;Sao Jeronimo;17/09/2016;01/01/1900 11:09;132.53;18.7
66600000;Sao Jeronimo;12/06/2016;01/01/1900 11:48;133.87;18.7
66600000;Sao Jeronimo;25/02/2016;01/01/1900 11:54;121.18;16.6
66600000;Sao Jeronimo;23/09/2015;01/01/1900 12:30;133.29;21.2
66600000;Sao Jeronimo;16/06/2015;01/01/1900 12:15;131.2;11.9
66600000;Sao Jeronimo;15/02/2015;01/01/1900 12:26;136.56;85.1
66600000;Sao Jeronimo;30/09/2014;01/01/1900 11:46;130.45;160.1
66600000;Sao Jeronimo;12/06/2014;01/01/1900 11:22;136.84;24.6
66600000;Sao Jeronimo;15/02/2014;01/01/1900 10:45;136.82;21.4
66600000;Sao Jeronimo;07/09/2013;01/01/1900 11:35;120.94;14.7
66600000;Sao Jeronimo;03/06/2013;01/01/1900 11:40;124.66;16.6
66600000;Sao Jeronimo;06/03/2013;01/01/1900 11:38;138.1;5.5
66600000;Sao Jeronimo;22/07/2012;01/01/1900 11:42;132.4;8
66600000;Sao Jeronimo;27/04/2012;01/01/1900 10:49;135.9;15.8
66600000;Sao Jeronimo;26/11/2011;01/01/1900 11:02;132.4;23.4
66600000;Sao Jeronimo;04/09/2011;01/01/1900 11:38;129.7;16.37
66600000;Sao Jeronimo;09/05/2010;01/01/1900 11:16;134;15.56
66600000;Sao Jeronimo;01/02/2010;01/01/1900 11:06;137;29.63
66600000;Sao Jeronimo;26/10/2009;01/01/1900 11:58;133;17.76
66600000;Sao Jeronimo;30/07/2009;01/01/1900 13:28;131.6;16.21
66600000;Sao Jeronimo;26/03/2009;01/01/1900 11:20;135.2;11.9
66600000;Sao Jeronimo;02/10/2008;01/01/1900 11:54;130.5;20.02
66600000;Sao Jeronimo;03/07/2008;01/01/1900 12:50;133.7;22.04
66600000;Sao Jeronimo;01/12/2007;01/01/1900 11:15;131.7;22.5
66600000;Sao Jeronimo;01/08/2007;01/01/1900 17:10;131.2;12.49
66600000;Sao Jeronimo;20/04/2007;01/01/1900 12:04;134.6;16.51
66600000;Sao Jeronimo;21/07/2006;01/01/1900 08:42;130.5;19.3
66600000;Sao Jeronimo;26/10/2005;01/01/1900 17:30;132.1;37.14
66600000;Sao Jeronimo;28/10/2004;01/01/1900 13:20;132.4;30.23
66600000;Sao Jeronimo;17/07/2004;01/01/1900 12:30;132.3;29.66
66600000;Sao Jeronimo;27/08/2003;01/01/1900 12:35;133.5;17.93
66600000;Sao Jeronimo;14/03/2003;01/01/1900 12:10;135.5;43.59
66600000;Sao Jeronimo;29/11/2002;01/01/1900 12:25;132.4;28.31
66600000;Sao Jeronimo;23/08/2002;01/01/1900 09:55;131.6;23.42
66600000;Sao Jeronimo;25/04/2002;01/01/1900 12:05;134.4;73.79
66600000;Sao Jeronimo;11/12/2001;01/01/1900 13:00;133.55;29.8
66600000;Sao Jeronimo;03/10/2001;01/01/1900 11:45;131.1;34.96
66600000;Sao Jeronimo;23/06/2001;01/01/1900 10:15;132.1;18.97
66600000;Sao Jeronimo;08/12/2000;01/01/1900 13:05;133.1;35.53
66600000;Sao Jeronimo;22/09/2000;01/01/1900 12:50;132.2;30.16
66600000;Sao Jeronimo;29/06/2000;01/01/1900 12:40;132;23.62
66600000;Sao Jeronimo;04/04/2000;01/01/1900 11:50;134.4;19.02
66650000;Sao Jose do Piquiri;23/11/2019;01/01/1900 11:45;154.39;21.7
66650000;Sao Jose do Piquiri;25/05/2019;01/01/1900 14:42;171.4;30.4
66650000;Sao Jose do Piquiri;22/02/2019;01/01/1900 16:31;162.1;23.8
66650000;Sao Jose do Piquiri;16/11/2018;01/01/1900 18:06;157.2;29.5
66650000;Sao Jose do Piquiri;18/05/2018;01/01/1900 12:04;166;17.2
66650000;Sao Jose do Piquiri;17/02/2018;01/01/1900 10:19;179.6;7.8
66650000;Sao Jose do Piquiri;31/10/2017;01/01/1900 15:15;124.35;16.6
66650000;Sao Jose do Piquiri;04/08/2017;01/01/1900 14:20;153.99;12.6
66650000;Sao Jose do Piquiri;04/06/2017;01/01/1900 12:49;160.51;14.3
66650000;Sao Jose do Piquiri;19/02/2017;01/01/1900 17:12;175.16;16
66650000;Sao Jose do Piquiri;16/09/2016;01/01/1900 14:08;157.6;8.7
66650000;Sao Jose do Piquiri;11/06/2016;01/01/1900 12:55;159.15;21.6
66650000;Sao Jose do Piquiri;26/02/2016;01/01/1900 11:36;156.37;14.7
66650000;Sao Jose do Piquiri;22/09/2015;01/01/1900 17:31;158.9;25.8
66650000;Sao Jose do Piquiri;11/06/2015;01/01/1900 13:28;170.5;12.6
66650000;Sao Jose do Piquiri;15/02/2015;01/01/1900 17:28;171.22;18.8
66650000;Sao Jose do Piquiri;29/09/2014;01/01/1900 10:48;157.42;37
66650000;Sao Jose do Piquiri;11/06/2014;01/01/1900 15:37;165.19;21
66650000;Sao Jose do Piquiri;16/02/2014;01/01/1900 09:23;167.46;21.3
66650000;Sao Jose do Piquiri;06/09/2013;01/01/1900 18:35;151.85;36.2
66650000;Sao Jose do Piquiri;02/06/2013;01/01/1900 12:55;163.7;17.3
66650000;Sao Jose do Piquiri;05/03/2013;01/01/1900 12:10;202.5;16
66650000;Sao Jose do Piquiri;21/07/2012;01/01/1900 13:42;158.5;10.9
66650000;Sao Jose do Piquiri;26/04/2012;01/01/1900 13:48;165.2;25.5
66650000;Sao Jose do Piquiri;26/11/2011;01/01/1900 16:35;158.8;21.4
66650000;Sao Jose do Piquiri;03/09/2011;01/01/1900 13:53;156.9;14.53
66650000;Sao Jose do Piquiri;08/05/2010;01/01/1900 12:45;164;21.24
66650000;Sao Jose do Piquiri;02/02/2010;01/01/1900 10:30;170.5;17.25
66650000;Sao Jose do Piquiri;25/10/2009;01/01/1900 16:54;159.8;22.71
66650000;Sao Jose do Piquiri;29/07/2009;01/01/1900 13:24;159.5;21.23
66650000;Sao Jose do Piquiri;25/03/2009;01/01/1900 13:50;167.1;22.25
66650000;Sao Jose do Piquiri;01/10/2008;01/01/1900 12:38;158.7;15.6
66650000;Sao Jose do Piquiri;02/07/2008;01/01/1900 14:50;161.9;31.9
66650000;Sao Jose do Piquiri;30/11/2007;01/01/1900 12:40;160.3;30.47
66650000;Sao Jose do Piquiri;15/08/2007;01/01/1900 12:30;158;16.83
66650000;Sao Jose do Piquiri;19/04/2007;01/01/1900 13:30;169.4;27.06
66650000;Sao Jose do Piquiri;20/07/2006;01/01/1900 15:20;158.7;18.86
66650000;Sao Jose do Piquiri;09/11/2005;01/01/1900 10:40;160.4;140.41
66070004;Caceres;12/10/2019;01/01/1900 10:56;205.04;36.3
66070004;Caceres;31/07/2019;01/01/1900 14:00;234;23.7
66070004;Caceres;22/04/2019;01/01/1900 14:51;251;15.3
66070004;Caceres;19/10/2018;01/01/1900 09:45;235.9;31.7
66070004;Caceres;09/07/2018;01/01/1900 10:39;234.5;30.2
66070004;Caceres;11/04/2018;01/01/1900 12:30;252.57;10.4
66070004;Caceres;12/10/2017;01/01/1900 10:15;230.98;33.4
66070004;Caceres;29/06/2017;01/01/1900 10:16;237.96;18.3
66070004;Caceres;12/04/2017;01/01/1900 11:03;250.21;7.6
66070004;Caceres;10/11/2016;01/01/1900 10:26;233.94;42.9
66070004;Caceres;11/08/2016;01/01/1900 09:42;232;19.4
66070004;Caceres;19/11/2015;01/01/1900 08:23;236.58;38.8
66070004;Caceres;22/08/2015;01/01/1900 16:11;235.57;26.7
66070004;Caceres;09/04/2015;01/01/1900 16:48;251.91;9.5
66070004;Caceres;20/11/2014;01/01/1900 10:22;238.17;83.5
66070004;Caceres;13/08/2014;01/01/1900 10:35;234.62;11.6
66070004;Caceres;12/04/2014;01/01/1900 11:16;249.8;12.8
66070004;Caceres;30/10/2013;01/01/1900 09:55;226.28;31.5
66070004;Caceres;28/07/2013;01/01/1900 12:05;228.11;21.5
66070004;Caceres;30/04/2013;01/01/1900 12:30;232.73;29.3
66070004;Caceres;08/12/2012;01/01/1900 10:52;237.09;43.2
66070004;Caceres;27/06/2012;01/01/1900 11:40;237.06;27.1
66070004;Caceres;26/03/2012;01/01/1900 12:15;246.08;51.2
66070004;Caceres;03/08/2011;01/01/1900 11:06;233.82;24.86
66070004;Caceres;08/04/2011;01/01/1900 13:10;253.68;13.35
66070004;Caceres;27/09/2010;01/01/1900 13:10;235.95;880.3
66070004;Caceres;16/04/2010;01/01/1900 14:20;252.68;10.31
66070004;Caceres;25/09/2009;01/01/1900 12:04;233.1;35.1
66070004;Caceres;03/07/2009;01/01/1900 11:50;234.02;28.98
66070004;Caceres;03/12/2008;01/01/1900 11:30;230.09;41.75
66070004;Caceres;29/08/2008;01/01/1900 14:05;227.79;30.71
66070004;Caceres;19/05/2008;01/01/1900 12:15;248.81;37.84
66070004;Caceres;28/10/2007;01/01/1900 13:40;241.96;63.72
66070004;Caceres;09/07/2007;01/01/1900 13:00;231.25;25.63
66070004;Caceres;27/09/2006;01/01/1900 15:00;230.94;159.73
66070004;Caceres;29/09/2005;01/01/1900 11:50;222.94;15.64
66070004;Caceres;27/06/2005;01/01/1900 12:00;225.89;29.44
66070004;Caceres;28/09/2004;01/01/1900 11:15;223.2;36.12
66070004;Caceres;10/09/2003;01/01/1900 12:35;225.03;33.47
66070004;Caceres;29/04/2003;01/01/1900 13:25;237.04;123.3
66070004;Caceres;04/02/2003;01/01/1900 13:00;239.66;232.82
66070004;Caceres;18/10/2002;01/01/1900 12:25;222.42;41.1
66070004;Caceres;09/04/2002;01/01/1900 12:00;238.72;16.34
66070004;Caceres;17/11/2001;01/01/1900 12:45;229.22;64.8
66070004;Caceres;20/08/2001;01/01/1900 11:40;219.55;32.01
66070004;Caceres;11/05/2001;01/01/1900 11:45;225.74;32.97
66070004;Caceres;27/11/2000;01/01/1900 11:40;223.36;62.67
66070004;Caceres;18/08/2000;01/01/1900 12:10;218.76;35.59
66070004;Caceres;10/06/2000;01/01/1900 12:20;220.66;37.65
66070004;Caceres;10/02/2000;01/01/1900 12:05;;46.14
66070004;Caceres;24/02/1998;01/01/1900 07:00;0;24.98
66070004;Caceres;19/11/1997;01/01/1900 07:00;0;70.43
66070004;Caceres;16/08/1997;01/01/1900 07:00;0;38.1
66070004;Caceres;19/05/1997;01/01/1900 07:00;0;41.44
66070004;Caceres;03/08/1996;01/01/1900 07:00;0;25.81
66070004;Caceres;03/08/1996;01/01/1900 07:00;0;25.81
66070004;Caceres;09/03/1996;01/01/1900 07:00;0;38.23
66090000;Descalvados;15/10/2019;01/01/1900 11:36;285.71;28.3
66090000;Descalvados;29/07/2019;01/01/1900 12:40;289.73;21.2
66090000;Descalvados;03/05/2019;01/01/1900 12:41;313.7;8.2
66090000;Descalvados;23/10/2018;01/01/1900 08:18;300.7;32
66090000;Descalvados;12/07/2018;01/01/1900 10:36;312.1;22.2
66090000;Descalvados;12/04/2018;01/01/1900 13:10;33.21;12.6
66090000;Descalvados;13/10/2017;01/01/1900 11:10;280.02;52.1
66090000;Descalvados;30/06/2017;01/01/1900 11:11;315.48;16.6
66090000;Descalvados;13/04/2017;01/01/1900 11:32;329.54;9.8
66090000;Descalvados;11/11/2016;01/01/1900 11:45;282.79;17.7
66090000;Descalvados;09/08/2016;01/01/1900 15:30;284.36;19.4
66090000;Descalvados;20/11/2015;01/01/1900 13:00;290.03;36.2
66090000;Descalvados;24/08/2015;01/01/1900 13:04;286.56;26.4
66090000;Descalvados;13/04/2015;01/01/1900 12:54;332.97;77.1
66090000;Descalvados;21/11/2014;01/01/1900 12:32;330.41;56.1
66090000;Descalvados;14/08/2014;01/01/1900 11:10;318.49;36
66090000;Descalvados;10/04/2014;01/01/1900 11:09;288.75;11.5
66090000;Descalvados;31/10/2013;01/01/1900 11:00;276.56;47.2
66090000;Descalvados;01/08/2013;01/01/1900 08:50;311.29;25.3
66090000;Descalvados;29/04/2013;01/01/1900 12:35;318.6;9
66090000;Descalvados;05/12/2012;01/01/1900 12:35;311.85;50.1
66090000;Descalvados;25/06/2012;01/01/1900 11:25;315.55;25.6
66090000;Descalvados;27/03/2012;01/01/1900 11:40;323.5;13.6
66090000;Descalvados;16/11/2011;01/01/1900 12:13;310.58;43.4
66090000;Descalvados;04/08/2011;01/01/1900 13:45;323.05;25.25
66090000;Descalvados;12/04/2011;01/01/1900 15:08;352.54;14.43
66090000;Descalvados;30/09/2010;01/01/1900 09:50;331.04;32.47
66090000;Descalvados;19/04/2010;01/01/1900 13:00;322.55;6.65
66090000;Descalvados;24/09/2009;01/01/1900 16:44;307.74;34.68
66090000;Descalvados;01/07/2009;01/01/1900 16:40;316.93;25.32
66090000;Descalvados;04/12/2008;01/01/1900 13:20;308.03;38.58
66090000;Descalvados;01/09/2008;01/01/1900 13:07;307.04;29.53
66090000;Descalvados;16/05/2008;01/01/1900 11:15;332;20.66
66090000;Descalvados;31/10/2007;01/01/1900 14:30;309.28;56.11
66090000;Descalvados;06/07/2007;01/01/1900 14:40;309.12;26.78
66120000;Porto Conceicao;16/10/2019;01/01/1900 08:25;131.84;36.2
66120000;Porto Conceicao;03/05/2019;01/01/1900 19:12;139.5;6.2
66120000;Porto Conceicao;23/10/2018;01/01/1900 15:35;129.8;45.9
66120000;Porto Conceicao;13/07/2018;01/01/1900 09:00;137.3;12.8
66120000;Porto Conceicao;12/04/2018;01/01/1900 19:10;142.4;9.9
66120000;Porto Conceicao;13/10/2017;01/01/1900 18:10;124.1;34.1
66120000;Porto Conceicao;01/07/2017;01/01/1900 08:05;138.54;10.2
66120000;Porto Conceicao;14/04/2017;01/01/1900 09:15;130.09;16.5
66120000;Porto Conceicao;11/11/2016;01/01/1900 18:05;132.02;23.2
66120000;Porto Conceicao;10/08/2016;01/01/1900 09:38;132.93;17.5
66120000;Porto Conceicao;21/11/2015;01/01/1900 10:04;133.57;30.6
66120000;Porto Conceicao;25/08/2015;01/01/1900 09:46;134.52;25.7
66120000;Porto Conceicao;14/04/2015;01/01/1900 09:11;137.98;9.3
66120000;Porto Conceicao;22/11/2014;01/01/1900 10:15;132.1;71
66120000;Porto Conceicao;14/08/2014;01/01/1900 15:48;136.28;17.2
66120000;Porto Conceicao;11/04/2014;01/01/1900 08:53;143.76;51.3
66120000;Porto Conceicao;01/11/2013;01/01/1900 09:15;131.62;44.3
66120000;Porto Conceicao;01/08/2013;01/01/1900 17:00;134.64;21.9
66120000;Porto Conceicao;28/04/2013;01/01/1900 17:15;123.72;10.3
66120000;Porto Conceicao;05/12/2012;01/01/1900 18:30;132.8;31.1
66120000;Porto Conceicao;27/03/2012;01/01/1900 18:30;136.6;18.7
66120000;Porto Conceicao;04/08/2011;01/01/1900 17:25;133.2;25.76
66120000;Porto Conceicao;11/04/2011;01/01/1900 16:05;148.5;6.57
66120000;Porto Conceicao;29/09/2010;01/01/1900 11:20;123.8;65.66
66120000;Porto Conceicao;20/04/2010;01/01/1900 09:33;146.4;9.44
66120000;Porto Conceicao;23/09/2009;01/01/1900 19:08;107.7;41.97
66120000;Porto Conceicao;01/07/2009;01/01/1900 09:50;136.1;29.8
66120000;Porto Conceicao;05/12/2008;01/01/1900 08:40;128.8;41.58
66120000;Porto Conceicao;02/09/2008;01/01/1900 09:20;128.2;45.78
66120000;Porto Conceicao;17/05/2008;01/01/1900 12:40;146.2;10.32
66120000;Porto Conceicao;01/11/2007;01/01/1900 10:00;128;39.81
66120000;Porto Conceicao;05/07/2007;01/01/1900 16:50;131.7;30.62
66120000;Porto Conceicao;28/09/2006;01/01/1900 17:20;127.3;241.68
66120000;Porto Conceicao;23/06/2005;01/01/1900 11:15;132.9;111.54
66120000;Porto Conceicao;23/09/2004;01/01/1900 11:05;127.3;44.69
66120000;Porto Conceicao;04/09/2003;01/01/1900 13:50;129;219.55
66120000;Porto Conceicao;22/04/2003;01/01/1900 14:05;155.1;54.23
66120000;Porto Conceicao;30/01/2003;01/01/1900 11:05;130;47.23
66120000;Porto Conceicao;22/10/2002;01/01/1900 16:00;126.1;70.6
66120000;Porto Conceicao;06/04/2002;01/01/1900 10:10;156.2;13.68
66120000;Porto Conceicao;21/11/2001;01/01/1900 10:00;130.7;62.58
66120000;Porto Conceicao;16/08/2001;01/01/1900 10:30;127;118.87
66120000;Porto Conceicao;22/11/2000;01/01/1900 10:10;130.2;139.72
66120000;Porto Conceicao;23/08/2000;01/01/1900 10:30;128.7;119.06
66120000;Porto Conceicao;14/06/2000;01/01/1900 13:35;137.7;46.18
66120000;Porto Conceicao;09/05/2000;01/01/1900 09:50;135.2;16.15
66120000;Porto Conceicao;24/02/2000;01/01/1900 10:10;132.2;71.05
66162000;UHE Manso Montante;09/11/2016;01/01/1900 07:00;45.26;29.1
66162000;UHE Manso Montante;08/11/2016;01/01/1900 07:00;44.03;33
66162000;UHE Manso Montante;25/05/2016;01/01/1900 07:00;44.58;9.4
66162000;UHE Manso Montante;14/01/2016;01/01/1900 07:00;54.75;267.5
66162000;UHE Manso Montante;11/12/2015;01/01/1900 07:00;44.39;51
66162000;UHE Manso Montante;25/05/2015;01/01/1900 07:00;47.67;42.1
66162000;UHE Manso Montante;03/02/2015;01/01/1900 07:00;46.9;43.8
66162000;UHE Manso Montante;18/09/2014;01/01/1900 07:00;45.76;43.9
66162000;UHE Manso Montante;17/07/2014;01/01/1900 07:00;45.1;18.5
66162000;UHE Manso Montante;19/02/2014;01/01/1900 07:00;54.52;145.9
66162000;UHE Manso Montante;06/10/2013;01/01/1900 07:00;45.9;16.3
66162000;UHE Manso Montante;25/06/2009;01/01/1900 07:00;46.4;47
66162000;UHE Manso Montante;20/03/2009;01/01/1900 07:00;52.6;143
66162000;UHE Manso Montante;17/12/2008;01/01/1900 07:00;54;362
66162000;UHE Manso Montante;19/09/2008;01/01/1900 07:00;38.3;44
66162000;UHE Manso Montante;07/06/2008;01/01/1900 07:00;45.4;29
66162000;UHE Manso Montante;28/11/2007;01/01/1900 07:00;50.4;142
66162000;UHE Manso Montante;06/09/2007;01/01/1900 07:00;38.6;22
66162000;UHE Manso Montante;19/06/2007;01/01/1900 07:00;44.7;56
66162000;UHE Manso Montante;16/03/2007;01/01/1900 07:00;49.5;41
66162000;UHE Manso Montante;06/12/2006;01/01/1900 07:00;51.6;164
66162000;UHE Manso Montante;06/09/2006;01/01/1900 07:00;39;24
66162000;UHE Manso Montante;29/06/2006;01/01/1900 07:00;44.4;49.33
66162000;UHE Manso Montante;10/03/2006;01/01/1900 07:00;51.4;90
66162000;UHE Manso Montante;09/12/2005;01/01/1900 07:00;49.8;204
66162000;UHE Manso Montante;20/09/2005;01/01/1900 07:00;36;29.33
66162000;UHE Manso Montante;02/06/2005;01/01/1900 07:00;44.6;25.3
66162000;UHE Manso Montante;18/03/2005;01/01/1900 07:00;50.4;25
66162000;UHE Manso Montante;09/12/2004;01/01/1900 07:00;45;62.67
66162000;UHE Manso Montante;15/09/2004;01/01/1900 07:00;36.6;38.67
66162000;UHE Manso Montante;06/06/2004;01/01/1900 07:00;45;47
66162000;UHE Manso Montante;09/03/2004;01/01/1900 07:00;50.4;73.67
66162000;UHE Manso Montante;03/01/2004;01/01/1900 07:00;50.6;168
66162000;UHE Manso Montante;08/06/2003;01/01/1900 07:00;42;11
66162000;UHE Manso Montante;05/09/2002;01/01/1900 07:00;34;12
66162000;UHE Manso Montante;11/06/2002;01/01/1900 07:00;41;21.3
66162000;UHE Manso Montante;11/06/2002;01/01/1900 07:00;41;21.3
66162000;UHE Manso Montante;06/03/2002;01/01/1900 07:00;51.3;43.3
66162000;UHE Manso Montante;10/12/2001;01/01/1900 07:00;51;192
66162000;UHE Manso Montante;14/11/2001;01/01/1900 07:00;38;84
66162000;UHE Manso Montante;27/10/2001;01/01/1900 07:00;42.4;96.7
66162000;UHE Manso Montante;17/09/2001;01/01/1900 07:00;38.4;52.7
66162000;UHE Manso Montante;19/06/2001;01/01/1900 07:00;32.6;26.7
66162000;UHE Manso Montante;09/05/2001;01/01/1900 07:00;38.4;60
66162000;UHE Manso Montante;09/04/2001;01/01/1900 07:00;42.2;62
66162000;UHE Manso Montante;15/03/2001;01/01/1900 07:00;53.6;278
66162000;UHE Manso Montante;08/02/2001;01/01/1900 07:00;39.8;21.3
66162000;UHE Manso Montante;12/01/2001;01/01/1900 07:00;49.6;110
66162000;UHE Manso Montante;15/12/2000;01/01/1900 07:00;46;146
66162000;UHE Manso Montante;09/11/2000;01/01/1900 07:00;38.4;76.7
66162000;UHE Manso Montante;17/10/2000;01/01/1900 07:00;32.2;20.7
66162000;UHE Manso Montante;28/09/2000;01/01/1900 07:00;32.2;
66162000;UHE Manso Montante;15/08/2000;01/01/1900 07:00;32.2;23.3
66162000;UHE Manso Montante;07/07/2000;01/01/1900 07:00;38;38
66162000;UHE Manso Montante;15/06/2000;01/01/1900 07:00;38;34.7
66162000;UHE Manso Montante;03/05/2000;01/01/1900 07:00;41;36.7
66162000;UHE Manso Montante;14/03/2000;01/01/1900 07:00;64.8;374
66162000;UHE Manso Montante;22/02/2000;01/01/1900 07:00;51.8;83.3
66162000;UHE Manso Montante;18/01/2000;01/01/1900 07:00;39;21
66162000;UHE Manso Montante;15/12/1999;01/01/1900 07:00;42.6;77
66162000;UHE Manso Montante;06/11/1999;01/01/1900 07:00;42;41.7
66162000;UHE Manso Montante;14/10/1999;01/01/1900 07:00;31.6;10.7
66162000;UHE Manso Montante;07/09/1999;01/01/1900 07:00;32;16.3
66162000;UHE Manso Montante;13/08/1999;01/01/1900 07:00;32;15.3
66162000;UHE Manso Montante;06/07/1999;01/01/1900 07:00;33.5;10.3
66162000;UHE Manso Montante;05/06/1999;01/01/1900 07:00;38.8;12
66162000;UHE Manso Montante;04/05/1999;01/01/1900 07:00;39.8;16.3
66162000;UHE Manso Montante;07/04/1999;01/01/1900 07:00;43;18
66162000;UHE Manso Montante;10/03/1999;01/01/1900 07:00;54.8;64.3
66162000;UHE Manso Montante;09/02/1999;01/01/1900 07:00;46.2;55.3
66162000;UHE Manso Montante;06/01/1999;01/01/1900 07:00;65.6;234.7
66162000;UHE Manso Montante;09/12/1998;01/01/1900 07:00;43.6;99.7
66162000;UHE Manso Montante;06/11/1998;01/01/1900 07:00;32.8;40
66162000;UHE Manso Montante;07/10/1998;01/01/1900 07:00;25;20
66162000;UHE Manso Montante;14/09/1998;01/01/1900 07:00;25;10
66162000;UHE Manso Montante;26/08/1998;01/01/1900 07:00;25;13
66210000;UHE Manso Jusante;10/11/2016;01/01/1900 07:00;93.43;6.4
66210000;UHE Manso Jusante;19/10/2016;01/01/1900 07:00;95.09;5.2
66210000;UHE Manso Jusante;30/05/2016;01/01/1900 07:00;95.07;5.8
66210000;UHE Manso Jusante;20/01/2016;01/01/1900 07:00;95.29;9.4
66210000;UHE Manso Jusante;17/12/2015;01/01/1900 07:00;94.34;4.7
66210000;UHE Manso Jusante;02/06/2015;01/01/1900 07:00;93.1;4.8
66210000;UHE Manso Jusante;26/01/2015;01/01/1900 07:00;95.3;2.3
66210000;UHE Manso Jusante;15/09/2014;01/01/1900 07:00;96.3;6.3
66210000;UHE Manso Jusante;03/07/2014;01/01/1900 07:00;93.8;3.2
66210000;UHE Manso Jusante;17/02/2014;01/01/1900 07:00;94.95;8.4
66210000;UHE Manso Jusante;27/09/2013;01/01/1900 07:00;94.72;5.8
66210000;UHE Manso Jusante;19/02/2010;01/01/1900 07:00;93.9;23
66210000;UHE Manso Jusante;20/11/2009;01/01/1900 07:00;94;12
66210000;UHE Manso Jusante;18/08/2009;01/01/1900 07:00;93.8;4
66210000;UHE Manso Jusante;14/05/2009;01/01/1900 07:00;94.4;11
66210000;UHE Manso Jusante;13/02/2009;01/01/1900 07:00;94.1;22
66210000;UHE Manso Jusante;21/11/2008;01/01/1900 07:00;94.5;5
66210000;UHE Manso Jusante;18/09/2008;01/01/1900 07:00;93.9;31
66210000;UHE Manso Jusante;12/06/2008;01/01/1900 07:00;94.2;12
66210000;UHE Manso Jusante;14/04/2008;01/01/1900 07:00;95;31
66210000;UHE Manso Jusante;14/03/2008;01/01/1900 07:00;94.2;68
66210000;UHE Manso Jusante;29/11/2007;01/01/1900 07:00;94;22
66210000;UHE Manso Jusante;17/09/2007;01/01/1900 07:00;93.8;14
66210000;UHE Manso Jusante;20/06/2007;01/01/1900 07:00;94.1;44
66210000;UHE Manso Jusante;09/03/2007;01/01/1900 07:00;94.4;40
66210000;UHE Manso Jusante;14/12/2006;01/01/1900 07:00;95;15
66210000;UHE Manso Jusante;21/08/2006;01/01/1900 07:00;94.3;29.67
66210000;UHE Manso Jusante;14/06/2006;01/01/1900 07:00;94.2;20.67
66210000;UHE Manso Jusante;13/03/2006;01/01/1900 07:00;96.4;13
66210000;UHE Manso Jusante;20/12/2005;01/01/1900 07:00;95.4;44
66210000;UHE Manso Jusante;16/09/2005;01/01/1900 07:00;94.4;32
66210000;UHE Manso Jusante;13/06/2005;01/01/1900 07:00;94.5;16
66210000;UHE Manso Jusante;14/03/2005;01/01/1900 07:00;94.6;19.3
66210000;UHE Manso Jusante;21/12/2004;01/01/1900 07:00;94.6;21
66210000;UHE Manso Jusante;17/09/2004;01/01/1900 07:00;94.2;15
66210000;UHE Manso Jusante;09/06/2004;01/01/1900 07:00;94.5;14.67
66210000;UHE Manso Jusante;02/03/2004;01/01/1900 07:00;96.4;25.3
66210000;UHE Manso Jusante;07/01/2004;01/01/1900 07:00;94;19.33
66210000;UHE Manso Jusante;02/06/2003;01/01/1900 07:00;93.6;41.33
66210000;UHE Manso Jusante;12/09/2002;01/01/1900 07:00;95;20.67
66210000;UHE Manso Jusante;20/06/2002;01/01/1900 07:00;93.2;18.67
66210000;UHE Manso Jusante;01/03/2002;01/01/1900 07:00;94.4;29.3
66210000;UHE Manso Jusante;03/12/2001;01/01/1900 07:00;91;21.3
66210000;UHE Manso Jusante;05/11/2001;01/01/1900 07:00;92;16
66210000;UHE Manso Jusante;22/10/2001;01/01/1900 07:00;92;22
66210000;UHE Manso Jusante;20/09/2001;01/01/1900 07:00;92.6;60.7
66210000;UHE Manso Jusante;18/06/2001;01/01/1900 07:00;92.2;14
66210000;UHE Manso Jusante;02/05/2001;01/01/1900 07:00;92;49.3
66210000;UHE Manso Jusante;05/04/2001;01/01/1900 07:00;90.2;16
66210000;UHE Manso Jusante;08/03/2001;01/01/1900 07:00;90.6;30
66210000;UHE Manso Jusante;05/02/2001;01/01/1900 07:00;91.6;10
66210000;UHE Manso Jusante;04/01/2001;01/01/1900 07:00;91.3;30.7
66210000;UHE Manso Jusante;08/12/2000;01/01/1900 07:00;91.8;13.3
66210000;UHE Manso Jusante;06/11/2000;01/01/1900 07:00;90.4;30.7
66210000;UHE Manso Jusante;06/10/2000;01/01/1900 07:00;38.7;41.3
66210000;UHE Manso Jusante;06/09/2000;01/01/1900 07:00;38.7;18.7
66210000;UHE Manso Jusante;07/08/2000;01/01/1900 07:00;38.7;
66210000;UHE Manso Jusante;06/07/2000;01/01/1900 07:00;38.5;28
66210000;UHE Manso Jusante;06/06/2000;01/01/1900 07:00;38.5;53.3
66210000;UHE Manso Jusante;04/05/2000;01/01/1900 07:00;38;75.3
66210000;UHE Manso Jusante;24/04/2000;01/01/1900 07:00;38;46
66210000;UHE Manso Jusante;15/03/2000;01/01/1900 07:00;38;45.3
66210000;UHE Manso Jusante;02/02/2000;01/01/1900 07:00;38;21.2
66210000;UHE Manso Jusante;14/01/2000;01/01/1900 07:00;38.1;31
66210000;UHE Manso Jusante;14/12/1999;01/01/1900 07:00;37.8;99.7
66210000;UHE Manso Jusante;04/11/1999;01/01/1900 07:00;92.4;105.3
66210000;UHE Manso Jusante;07/10/1999;01/01/1900 07:00;92.4;15
66210000;UHE Manso Jusante;08/09/1999;01/01/1900 07:00;91.6;4.7
66210000;UHE Manso Jusante;06/08/1999;01/01/1900 07:00;91.6;12.3
66210000;UHE Manso Jusante;07/07/1999;01/01/1900 07:00;92.4;12.3
66210000;UHE Manso Jusante;02/06/1999;01/01/1900 07:00;91.2;11.3
66210000;UHE Manso Jusante;04/05/1999;01/01/1900 07:00;92.8;25
66210000;UHE Manso Jusante;06/04/1999;01/01/1900 07:00;93.3;43.7
66210000;UHE Manso Jusante;04/03/1999;01/01/1900 07:00;98;184.7
66210000;UHE Manso Jusante;03/02/1999;01/01/1900 07:00;95;132
66210000;UHE Manso Jusante;05/01/1999;01/01/1900 07:00;101;284
66210000;UHE Manso Jusante;02/12/1998;01/01/1900 07:00;96;235
66210000;UHE Manso Jusante;06/11/1998;01/01/1900 07:00;91;30
66210000;UHE Manso Jusante;01/10/1998;01/01/1900 07:00;90.4;20
66210000;UHE Manso Jusante;01/09/1998;01/01/1900 07:00;89.5;20
66210000;UHE Manso Jusante;12/08/1998;01/01/1900 07:00;89.6;33.3
66260001;Cuiaba;21/10/2016;01/01/1900 07:00;144;125.3
66260001;Cuiaba;06/06/2016;01/01/1900 07:00;142.7;12
66260001;Cuiaba;25/01/2016;01/01/1900 07:00;159.37;109.1
66260001;Cuiaba;16/12/2015;01/01/1900 07:00;144.18;60.8
66260001;Cuiaba;01/06/2015;01/01/1900 07:00;140.9;22.2
66260001;Cuiaba;28/01/2015;01/01/1900 07:00;152.4;33.9
66260001;Cuiaba;11/09/2014;01/01/1900 07:00;143.1;12
66260001;Cuiaba;11/07/2014;01/01/1900 07:00;140.2;12.1
66260001;Cuiaba;21/02/2014;01/01/1900 07:00;171.99;107.3
66260001;Cuiaba;17/10/2013;01/01/1900 07:00;145.08;16
66260001;Cuiaba;25/11/2012;01/01/1900 07:00;77;28
66260001;Cuiaba;25/11/2012;01/01/1900 07:00;77;28
66260001;Cuiaba;17/08/2012;01/01/1900 07:00;76.35;21
66260001;Cuiaba;17/08/2012;01/01/1900 07:00;76.35;21
66260001;Cuiaba;23/05/2012;01/01/1900 07:00;74.1;20
66260001;Cuiaba;23/05/2012;01/01/1900 07:00;74.1;20
66260001;Cuiaba;16/02/2012;01/01/1900 07:00;80.7;107
66260001;Cuiaba;16/02/2012;01/01/1900 07:00;80.7;107
66260001;Cuiaba;13/11/2011;01/01/1900 07:00;77.05;68
66260001;Cuiaba;13/11/2011;01/01/1900 07:00;77.05;68
66260001;Cuiaba;28/08/2011;01/01/1900 07:00;77.45;10
66260001;Cuiaba;28/08/2011;01/01/1900 07:00;77.45;10
66260001;Cuiaba;05/06/2011;01/01/1900 07:00;77.05;6
66260001;Cuiaba;05/06/2011;01/01/1900 07:00;77.05;6
66260001;Cuiaba;13/02/2011;01/01/1900 07:00;91;151
66260001;Cuiaba;13/02/2011;01/01/1900 07:00;91;151
66260001;Cuiaba;08/08/2010;01/01/1900 07:00;76.4;9
66260001;Cuiaba;08/08/2010;01/01/1900 07:00;76.4;9
66260001;Cuiaba;29/04/2010;01/01/1900 07:00;77.8;62
66260001;Cuiaba;29/04/2010;01/01/1900 07:00;77.8;62
66260001;Cuiaba;25/01/2010;01/01/1900 07:00;86;69
66260001;Cuiaba;25/01/2010;01/01/1900 07:00;86;69
66260001;Cuiaba;26/10/2009;01/01/1900 07:00;77.4;61
66260001;Cuiaba;26/10/2009;01/01/1900 07:00;77.4;61
66260001;Cuiaba;23/07/2009;01/01/1900 06:20;76.7;53
66260001;Cuiaba;23/07/2009;01/01/1900 06:20;76.7;53
66260001;Cuiaba;27/04/2009;01/01/1900 06:30;82;44
66260001;Cuiaba;27/04/2009;01/01/1900 06:30;82;44
66260001;Cuiaba;27/01/2009;01/01/1900 07:15;77;46
66260001;Cuiaba;27/01/2009;01/01/1900 07:15;77;46
66260001;Cuiaba;25/10/2008;01/01/1900 07:00;985.5;30
66260001;Cuiaba;25/10/2008;01/01/1900 07:00;985.5;30
66260001;Cuiaba;14/07/2008;01/01/1900 07:00;77;25
66260001;Cuiaba;14/07/2008;01/01/1900 07:00;77;25
66260001;Cuiaba;06/03/2008;01/01/1900 07:00;93.6;119
66260001;Cuiaba;06/03/2008;01/01/1900 07:00;93.6;119
66260001;Cuiaba;11/12/2007;01/01/1900 07:00;86;164
66260001;Cuiaba;11/12/2007;01/01/1900 07:00;86;164
66260001;Cuiaba;13/09/2007;01/01/1900 07:00;76;28
66260001;Cuiaba;13/09/2007;01/01/1900 07:00;76;28
66260001;Cuiaba;13/06/2007;01/01/1900 07:00;77.6;28
66260001;Cuiaba;13/06/2007;01/01/1900 07:00;77.6;28
66260001;Cuiaba;13/03/2007;01/01/1900 07:00;81;43
66260001;Cuiaba;13/03/2007;01/01/1900 07:00;81;43
66260001;Cuiaba;02/12/2006;01/01/1900 07:00;82;40
66260001;Cuiaba;02/12/2006;01/01/1900 07:00;82;40
66260001;Cuiaba;25/08/2006;01/01/1900 07:00;77;76
66260001;Cuiaba;25/08/2006;01/01/1900 07:00;77;76
66260001;Cuiaba;20/06/2006;01/01/1900 07:00;76.6;40.67
66260001;Cuiaba;20/06/2006;01/01/1900 07:00;76.6;40.67
66260001;Cuiaba;28/03/2006;01/01/1900 07:00;104;87
66260001;Cuiaba;28/03/2006;01/01/1900 07:00;104;87
66260001;Cuiaba;05/12/2005;01/01/1900 08:20;77.5;127.67
66260001;Cuiaba;05/12/2005;01/01/1900 08:20;77.5;127.67
66260001;Cuiaba;22/09/2005;01/01/1900 09:35;75.6;15.33
66260001;Cuiaba;22/09/2005;01/01/1900 09:35;75.6;15.33
66260001;Cuiaba;21/06/2005;01/01/1900 09:20;76;41.3
66260001;Cuiaba;21/06/2005;01/01/1900 09:20;76;41.3
66260001;Cuiaba;12/03/2005;01/01/1900 09:25;84.4;14
66260001;Cuiaba;12/03/2005;01/01/1900 09:25;84.4;14
66260001;Cuiaba;18/12/2004;01/01/1900 07:00;79;51
66260001;Cuiaba;18/12/2004;01/01/1900 07:00;79;51
66260001;Cuiaba;01/10/2004;01/01/1900 07:00;75.8;27.3
66260001;Cuiaba;01/10/2004;01/01/1900 07:00;75.8;27.3
66260001;Cuiaba;22/06/2004;01/01/1900 07:00;77;59
66260001;Cuiaba;22/06/2004;01/01/1900 07:00;77;59
66260001;Cuiaba;18/03/2004;01/01/1900 07:00;85;164
66260001;Cuiaba;18/03/2004;01/01/1900 07:00;85;164
66260001;Cuiaba;26/01/2004;01/01/1900 07:00;90.7;239.3
66260001;Cuiaba;26/01/2004;01/01/1900 07:00;90.7;239.3
66260001;Cuiaba;17/06/2003;01/01/1900 09:00;153;105.33
66260001;Cuiaba;17/06/2003;01/01/1900 09:00;153;105.33
66260001;Cuiaba;25/10/2002;01/01/1900 10:40;150;20.16
66260001;Cuiaba;25/10/2002;01/01/1900 10:40;150;20.16
66260001;Cuiaba;17/09/2002;01/01/1900 07:00;155;45.3
66260001;Cuiaba;17/09/2002;01/01/1900 07:00;155;45.3
66260001;Cuiaba;03/06/2002;01/01/1900 07:00;152.4;23.3
66260001;Cuiaba;03/06/2002;01/01/1900 07:00;152.4;23.3
66260001;Cuiaba;04/04/2002;01/01/1900 11:40;158;80.24
66260001;Cuiaba;04/04/2002;01/01/1900 11:40;158;80.24
66260001;Cuiaba;19/03/2002;01/01/1900 07:00;156.8;64
66260001;Cuiaba;19/03/2002;01/01/1900 07:00;156.8;64
66260001;Cuiaba;04/12/2001;01/01/1900 07:00;159.6;181.3
66260001;Cuiaba;04/12/2001;01/01/1900 07:00;159.6;181.3
66260001;Cuiaba;09/11/2001;01/01/1900 07:00;152.6;51.3
66260001;Cuiaba;09/11/2001;01/01/1900 07:00;152.6;51.3
66260001;Cuiaba;29/10/2001;01/01/1900 07:00;149.2;30.7
66260001;Cuiaba;29/10/2001;01/01/1900 07:00;149.2;30.7
66260001;Cuiaba;21/09/2001;01/01/1900 07:00;149.2;38
66260001;Cuiaba;21/09/2001;01/01/1900 07:00;149.2;38
66260001;Cuiaba;22/08/2001;01/01/1900 07:00;149;34.7
66260001;Cuiaba;22/08/2001;01/01/1900 07:00;149;34.7
66260001;Cuiaba;21/06/2001;01/01/1900 07:00;148.6;16
66260001;Cuiaba;21/06/2001;01/01/1900 07:00;148.6;16
66260001;Cuiaba;03/05/2001;01/01/1900 07:00;148.6;56.7
66260001;Cuiaba;03/05/2001;01/01/1900 07:00;148.6;56.7
66260001;Cuiaba;02/04/2001;01/01/1900 07:00;154;102
66260001;Cuiaba;02/04/2001;01/01/1900 07:00;154;102
66260001;Cuiaba;05/03/2001;01/01/1900 07:00;154.2;153.3
66260001;Cuiaba;05/03/2001;01/01/1900 07:00;154.2;153.3
66260001;Cuiaba;07/02/2001;01/01/1900 07:00;152.8;49.3
66260001;Cuiaba;07/02/2001;01/01/1900 07:00;152.8;49.3
66260001;Cuiaba;03/01/2001;01/01/1900 07:00;151;42
66260001;Cuiaba;03/01/2001;01/01/1900 07:00;151;42
66260001;Cuiaba;11/12/2000;01/01/1900 07:00;160;240
66260001;Cuiaba;11/12/2000;01/01/1900 07:00;160;240
66260001;Cuiaba;07/11/2000;01/01/1900 07:00;152.4;86.7
66260001;Cuiaba;07/11/2000;01/01/1900 07:00;152.4;86.7
66260001;Cuiaba;05/10/2000;01/01/1900 07:00;150.4;41.3
66260001;Cuiaba;05/10/2000;01/01/1900 07:00;150.4;41.3
66260001;Cuiaba;06/09/2000;01/01/1900 07:00;149;
66260001;Cuiaba;06/09/2000;01/01/1900 07:00;149;
66260001;Cuiaba;22/08/2000;01/01/1900 12:30;149.2;12.13
66260001;Cuiaba;22/08/2000;01/01/1900 12:30;149.2;12.13
66260001;Cuiaba;08/08/2000;01/01/1900 07:00;149;24.7
66260001;Cuiaba;08/08/2000;01/01/1900 07:00;149;24.7
66260001;Cuiaba;11/07/2000;01/01/1900 07:00;149;52
66260001;Cuiaba;11/07/2000;01/01/1900 07:00;149;52
66260001;Cuiaba;07/06/2000;01/01/1900 07:00;149;32
66260001;Cuiaba;06/06/2000;01/01/1900 14:20;148.8;18.34
66260001;Cuiaba;08/05/2000;01/01/1900 07:00;148.2;74.7
66260001;Cuiaba;25/04/2000;01/01/1900 07:00;149;42.7
66260001;Cuiaba;09/03/2000;01/01/1900 07:00;157.4;109
66260001;Cuiaba;21/02/2000;01/01/1900 13:30;157.6;154.12
66260001;Cuiaba;03/02/2000;01/01/1900 07:00;152.3;122.3
66260001;Cuiaba;11/01/2000;01/01/1900 07:00;151.2;59
66260001;Cuiaba;13/12/1999;01/01/1900 07:00;154;84
66260001;Cuiaba;01/11/1999;01/01/1900 07:00;150.6;45
66260001;Cuiaba;11/10/1999;01/01/1900 07:00;150;17
66260001;Cuiaba;13/09/1999;01/01/1900 07:00;149;16.7
66522000;UHE Itiquira Montante;26/02/2013;01/01/1900 07:00;56.15;81.87
66522000;UHE Itiquira Montante;07/11/2012;01/01/1900 07:00;51;57.44
66522000;UHE Itiquira Montante;13/07/2012;01/01/1900 07:00;45.75;12.86
66522000;UHE Itiquira Montante;18/04/2012;01/01/1900 07:00;54.2;47.2
66525100;UHE Itiquira Jusante;26/02/2013;01/01/1900 07:00;41.35;49.52
66525100;UHE Itiquira Jusante;07/11/2012;01/01/1900 07:00;39.05;157
66525100;UHE Itiquira Jusante;13/07/2012;01/01/1900 07:00;38.4;21.3
66525100;UHE Itiquira Jusante;18/04/2012;01/01/1900 07:00;40;52.51
66384000;PCH Pequi Jusante;11/10/2018;01/01/1900 11:45;12.7;1
66384000;PCH Pequi Jusante;19/07/2018;01/01/1900 15:05;13.65;3
66384000;PCH Pequi Jusante;24/04/2018;01/01/1900 17:08;13.8;2
66384000;PCH Pequi Jusante;20/01/2018;01/01/1900 12:08;13.65;6
66384000;PCH Pequi Jusante;13/10/2017;01/01/1900 12:34;12.85;1
66384000;PCH Pequi Jusante;14/07/2017;01/01/1900 12:04;12.8;3
66384000;PCH Pequi Jusante;07/04/2017;01/01/1900 18:08;14.7;10
66384000;PCH Pequi Jusante;15/01/2017;01/01/1900 15:50;13.9;4
66384000;PCH Pequi Jusante;03/10/2016;01/01/1900 14:49;12.6;2
66384000;PCH Pequi Jusante;18/07/2016;01/01/1900 17:40;9.8;6
66384000;PCH Pequi Jusante;11/04/2016;01/01/1900 18:20;13.5;13.2
66384000;PCH Pequi Jusante;22/02/2016;01/01/1900 14:30;18;1
66384000;PCH Pequi Jusante;27/10/2015;01/01/1900 14:30;16;13.25
66384000;PCH Pequi Jusante;13/08/2015;01/01/1900 15:30;13;4.31
66384000;PCH Pequi Jusante;31/01/2015;01/01/1900 10:30;16;5.25
66384000;PCH Pequi Jusante;22/10/2014;01/01/1900 16:00;12;14
66384000;PCH Pequi Jusante;29/07/2014;01/01/1900 12:00;13.7;25.75
66384000;PCH Pequi Jusante;22/04/2014;01/01/1900 17:00;12;2
66384000;PCH Pequi Jusante;23/01/2014;01/01/1900 14:30;14.5;11.84
66384000;PCH Pequi Jusante;16/10/2013;01/01/1900 12:00;14;15.75
66384000;PCH Pequi Jusante;17/07/2013;01/01/1900 11:30;12.7;10.75
66384000;PCH Pequi Jusante;18/04/2013;01/01/1900 11:15;16;7.3
66384000;PCH Pequi Jusante;28/01/2013;01/01/1900 14:30;16;0.66
66384000;PCH Pequi Jusante;24/10/2012;01/01/1900 11:50;16;4.8
66384000;PCH Pequi Jusante;15/07/2012;01/01/1900 09:30;17;41.6
66384000;PCH Pequi Jusante;14/04/2012;01/01/1900 15:55;18;8
66384000;PCH Pequi Jusante;25/01/2012;01/01/1900 15:15;18;5.2
66384000;PCH Pequi Jusante;09/10/2011;01/01/1900 15:50;12;2.3
66071382;UHE Jauru Montante;16/11/2018;01/01/1900 15:34;43.03;4.41
66071382;UHE Jauru Montante;10/07/2018;01/01/1900 13:00;45;1.43
66071382;UHE Jauru Montante;08/05/2018;01/01/1900 12:30;43.8;3.26
66071382;UHE Jauru Montante;22/01/2018;01/01/1900 09:07;44;10.12
66071382;UHE Jauru Montante;28/10/2017;01/01/1900 09:43;57;1.33
66071382;UHE Jauru Montante;31/07/2017;01/01/1900 12:16;57;0.47
66071382;UHE Jauru Montante;23/04/2017;01/01/1900 08:55;54;4.25
66071382;UHE Jauru Montante;12/01/2017;01/01/1900 11:15;59;2.72
66071382;UHE Jauru Montante;21/10/2016;01/01/1900 11:00;58;0.62
66071382;UHE Jauru Montante;04/07/2016;01/01/1900 09:10;58;1.46
66071382;UHE Jauru Montante;12/04/2016;01/01/1900 13:00;57;13.67
66071382;UHE Jauru Montante;25/01/2016;01/01/1900 12:29;54;2.45
66071382;UHE Jauru Montante;05/10/2015;01/01/1900 13:14;67.5;0.04
66071382;UHE Jauru Montante;14/07/2015;01/01/1900 09:50;56;46.9
66071382;UHE Jauru Montante;13/05/2015;01/01/1900 11:44;61;2.3
66071382;UHE Jauru Montante;27/01/2015;01/01/1900 16:30;54;5.71
66340000;Porto Cercado;31/01/2020;01/01/1900 11:05;144.88;59.5
66340000;Porto Cercado;15/11/2019;01/01/1900 11:48;153.45;75.1
66340000;Porto Cercado;22/05/2019;01/01/1900 11:23;185.5;25.9
66340000;Porto Cercado;15/02/2019;01/01/1900 11:42;181.9;34.2
66340000;Porto Cercado;09/11/2018;01/01/1900 10:48;151.5;92.6
66340000;Porto Cercado;22/05/2018;01/01/1900 12:25;167;42.9
66340000;Porto Cercado;12/02/2018;01/01/1900 12:23;188.04;30.7
66340000;Porto Cercado;23/10/2017;01/01/1900 12:18;150.35;69.4
66340000;Porto Cercado;29/07/2017;01/01/1900 10:10;149.5;53.6
66340000;Porto Cercado;29/05/2017;01/01/1900 10:44;167.15;433
66340000;Porto Cercado;13/02/2017;01/01/1900 11:53;185.35;41.5
66340000;Porto Cercado;09/09/2016;01/01/1900 11:22;138.32;44.1
66340000;Porto Cercado;04/06/2016;01/01/1900 12:36;154.91;68
66340000;Porto Cercado;22/02/2016;01/01/1900 10:33;155.09;21.9
66340000;Porto Cercado;25/09/2015;01/01/1900 11:43;153.44;73.2
66340000;Porto Cercado;04/06/2015;01/01/1900 12:22;179.84;54.6
66340000;Porto Cercado;06/02/2015;01/01/1900 14:33;181.57;28.7
66340000;Porto Cercado;19/09/2014;01/01/1900 11:20;150.6;46.9
66340000;Porto Cercado;14/06/2014;01/01/1900 10:53;171.87;52.2
66340000;Porto Cercado;17/02/2014;01/01/1900 12:05;183.34;27.5
66340000;Porto Cercado;31/08/2013;01/01/1900 12:40;141.08;56.3
66340000;Porto Cercado;29/05/2013;01/01/1900 12:30;155.13;78.2
66340000;Porto Cercado;07/03/2013;01/01/1900 11:25;180.4;14.8
66340000;Porto Cercado;13/07/2012;01/01/1900 11:05;155;57.3
66340000;Porto Cercado;18/04/2012;01/01/1900 11:36;169.8;33.1
66340000;Porto Cercado;21/11/2011;01/01/1900 11:09;157.7;182.1
66340000;Porto Cercado;29/08/2011;01/01/1900 11:18;152.6;53.28
66340000;Porto Cercado;10/05/2010;01/01/1900 11:18;171.3;83.46
66340000;Porto Cercado;27/01/2010;01/01/1900 12:12;177.8;33.24
66340000;Porto Cercado;21/10/2009;01/01/1900 11:04;150.2;73.44
66340000;Porto Cercado;20/07/2009;01/01/1900 12:05;151.6;64.15
66340000;Porto Cercado;21/03/2009;01/01/1900 12:30;175.9;37.06
66340000;Porto Cercado;26/09/2008;01/01/1900 12:20;151.4;69.01
66340000;Porto Cercado;24/06/2008;01/01/1900 12:00;156.6;63.96
66340000;Porto Cercado;03/12/2007;01/01/1900 11:20;167;91.9
66340000;Porto Cercado;09/08/2007;01/01/1900 13:12;149.8;61.41
66340000;Porto Cercado;09/04/2007;01/01/1900 13:00;175.7;14.53
66340000;Porto Cercado;13/07/2006;01/01/1900 12:00;156.3;93.55
66340000;Porto Cercado;02/11/2005;01/01/1900 12:00;151.2;627.33
66450001;Rondonopolis;09/12/2019;01/01/1900 10:20;143.8;367.5
66450001;Rondonopolis;18/06/2019;01/01/1900 11:00;128.7;32.9
66450001;Rondonopolis;25/03/2019;01/01/1900 12:15;130.91;117.7
66450001;Rondonopolis;15/06/2018;01/01/1900 10:40;127.2;1005
66450001;Rondonopolis;13/03/2018;01/01/1900 12:20;135.45;685
66450001;Rondonopolis;31/08/2017;01/01/1900 10:45;68.4;25.9
66450001;Rondonopolis;05/06/2017;01/01/1900 10:00;95.85;39.7
66450001;Rondonopolis;21/03/2017;01/01/1900 10:40;145.7;0
66450001;Rondonopolis;19/10/2016;01/01/1900 10:00;113.7;2348
66450001;Rondonopolis;23/06/2016;01/01/1900 11:08;129.2;31.7
66450001;Rondonopolis;19/10/2015;01/01/1900 09:10;135.86;83.9
66450001;Rondonopolis;16/06/2015;01/01/1900 11:15;130.39;35.2
66450001;Rondonopolis;06/03/2015;01/01/1900 09:45;151.14;490
66450001;Rondonopolis;14/10/2014;01/01/1900 11:22;128.13;25.6
66450001;Rondonopolis;17/06/2014;01/01/1900 10:54;113.84;274.5
66450001;Rondonopolis;18/03/2014;01/01/1900 10:20;133.63;330.9
66450001;Rondonopolis;11/10/2013;01/01/1900 10:28;118.07;291
66450001;Rondonopolis;02/07/2013;01/01/1900 11:28;129.54;70.9
66450001;Rondonopolis;11/04/2013;01/01/1900 11:40;158.12;491
66450001;Rondonopolis;11/08/2012;01/01/1900 11:07;129.5;19.4
66450001;Rondonopolis;01/03/2012;01/01/1900 09:45;158.32;593.2
66450001;Rondonopolis;20/10/2011;01/01/1900 12:40;129.3;43.75
66450001;Rondonopolis;24/02/2011;01/01/1900 13:10;131.9;590.1
66450001;Rondonopolis;03/07/2010;01/01/1900 10:20;130;28.34
66450001;Rondonopolis;10/03/2010;01/01/1900 11:00;133.7;229.1
66450001;Rondonopolis;01/12/2009;01/01/1900 09:51;132;329.1
66450001;Rondonopolis;08/05/2009;01/01/1900 10:32;132.5;126.61
66450001;Rondonopolis;14/02/2009;01/01/1900 10:00;4;0
66450001;Rondonopolis;24/10/2008;01/01/1900 10:43;131.5;111.26
66450001;Rondonopolis;01/08/2008;01/01/1900 11:40;128.8;25.73
66450001;Rondonopolis;14/04/2008;01/01/1900 10:50;134.8;393.93
66450001;Rondonopolis;05/10/2007;01/01/1900 11:00;130.2;25.18
66450001;Rondonopolis;07/09/2005;01/01/1900 08:03;129;41
66450001;Rondonopolis;07/12/2004;01/01/1900 09:50;132;0
66450001;Rondonopolis;07/09/2004;01/01/1900 10:54;129.5;21.72
66450001;Rondonopolis;30/10/2003;01/01/1900 09:20;130;308.65
66450001;Rondonopolis;06/08/2003;01/01/1900 10:00;130.4;77.34
66450001;Rondonopolis;06/04/2003;01/01/1900 10:30;136;1149.89
66450001;Rondonopolis;05/12/2002;01/01/1900 11:05;130.7;330.48
66450001;Rondonopolis;23/09/2002;01/01/1900 10:50;129.8;252.7
66450001;Rondonopolis;25/05/2002;01/01/1900 11:30;130;143.96
66450001;Rondonopolis;31/01/2002;01/01/1900 12:15;134.5;519.84
66450001;Rondonopolis;26/10/2001;01/01/1900 11:35;127.8;108.83
66450001;Rondonopolis;12/07/2001;01/01/1900 12:00;129;57.78
66450001;Rondonopolis;03/02/2001;01/01/1900 10:50;;372.15
66450001;Rondonopolis;14/10/2000;01/01/1900 12:30;125.5;124.82
66450001;Rondonopolis;21/07/2000;01/01/1900 11:00;128.7;70.48
66450001;Rondonopolis;17/05/2000;01/01/1900 11:00;;651.75
66450001;Rondonopolis;18/01/2000;01/01/1900 10:40;130.5;179.19
66250001;Rosario Oeste;28/10/2016;01/01/1900 07:00;157.86;22.5
66250001;Rosario Oeste;04/06/2016;01/01/1900 07:00;154.6;11.7
66250001;Rosario Oeste;22/01/2016;01/01/1900 07:00;163.29;73.3
66250001;Rosario Oeste;20/12/2015;01/01/1900 07:00;158.8;33.2
66250001;Rosario Oeste;06/06/2015;01/01/1900 07:00;158.3;16.2
66250001;Rosario Oeste;31/01/2015;01/01/1900 07:00;160.9;20.4
66250001;Rosario Oeste;17/09/2014;01/01/1900 07:00;157.8;8.2
66250001;Rosario Oeste;29/06/2014;01/01/1900 07:00;158.2;9.1
66250001;Rosario Oeste;10/02/2014;01/01/1900 07:00;160.17;20.1
66250001;Rosario Oeste;19/10/2013;01/01/1900 07:00;160.25;19.5
66250001;Rosario Oeste;28/11/2012;01/01/1900 07:00;161;26
66250001;Rosario Oeste;18/08/2012;01/01/1900 07:00;158.2;15
66250001;Rosario Oeste;29/05/2012;01/01/1900 07:00;158.6;5
66250001;Rosario Oeste;19/02/2012;01/01/1900 07:00;162.7;60
66250001;Rosario Oeste;20/11/2011;01/01/1900 07:00;159.1;63
66250001;Rosario Oeste;24/08/2011;01/01/1900 07:00;158.8;12
66250001;Rosario Oeste;21/05/2011;01/01/1900 07:00;159.2;7
66250001;Rosario Oeste;14/02/2011;01/01/1900 07:00;168;45
66250001;Rosario Oeste;06/08/2010;01/01/1900 07:00;158.4;56
66250001;Rosario Oeste;27/04/2010;01/01/1900 07:00;159.2;39
66250001;Rosario Oeste;20/01/2010;01/01/1900 07:00;164;55
66250001;Rosario Oeste;27/10/2009;01/01/1900 07:00;158.5;29
66250001;Rosario Oeste;27/07/2009;01/01/1900 09:40;158.4;78
66250001;Rosario Oeste;17/04/2009;01/01/1900 07:30;165;45
66250001;Rosario Oeste;23/01/2009;01/01/1900 09:30;330.07;20
66250001;Rosario Oeste;23/10/2008;01/01/1900 07:00;158.4;49
66250001;Rosario Oeste;19/07/2008;01/01/1900 07:00;159;22
66250001;Rosario Oeste;13/03/2008;01/01/1900 07:00;167;64
66250001;Rosario Oeste;13/12/2007;01/01/1900 07:00;162.6;104
66250001;Rosario Oeste;19/09/2007;01/01/1900 07:00;158.2;17
66250001;Rosario Oeste;14/06/2007;01/01/1900 07:00;159;33
66250001;Rosario Oeste;20/03/2007;01/01/1900 07:00;169.3;19
66250001;Rosario Oeste;12/12/2006;01/01/1900 07:00;164.6;41
66250001;Rosario Oeste;30/08/2006;01/01/1900 07:00;158.8;26.67
66250001;Rosario Oeste;22/06/2006;01/01/1900 07:00;159.3;26.33
66250001;Rosario Oeste;05/04/2006;01/01/1900 07:00;167.6;71
66250001;Rosario Oeste;07/12/2005;01/01/1900 14:45;164.6;478.67
66250001;Rosario Oeste;08/09/2005;01/01/1900 14:20;158.2;61.33
66250001;Rosario Oeste;17/06/2005;01/01/1900 08:25;158;41.3
66250001;Rosario Oeste;21/03/2005;01/01/1900 12:24;170.8;166.3
66250001;Rosario Oeste;07/12/2004;01/01/1900 07:00;159.4;108.67
66250001;Rosario Oeste;30/09/2004;01/01/1900 07:00;158.6;25
66250001;Rosario Oeste;15/06/2004;01/01/1900 07:00;159;17.3
66250001;Rosario Oeste;16/03/2004;01/01/1900 07:00;162.6;111.3
66250001;Rosario Oeste;15/01/2004;01/01/1900 07:00;167.4;195
66250001;Rosario Oeste;10/06/2003;01/01/1900 17:00;158.4;46.67
66250001;Rosario Oeste;10/09/2002;01/01/1900 07:00;161;26.67
66250001;Rosario Oeste;05/06/2002;01/01/1900 07:00;158;20.67
66250001;Rosario Oeste;14/03/2002;01/01/1900 07:00;164;17.3
66250001;Rosario Oeste;05/12/2001;01/01/1900 07:00;161;160
66250001;Rosario Oeste;06/11/2001;01/01/1900 07:00;157.6;22
66250001;Rosario Oeste;24/10/2001;01/01/1900 07:00;157;35.3
66250001;Rosario Oeste;19/09/2001;01/01/1900 07:00;158;69.3
66250001;Rosario Oeste;23/06/2001;01/01/1900 07:00;157;22
66250001;Rosario Oeste;05/05/2001;01/01/1900 07:00;156.8;86.7
66250001;Rosario Oeste;03/04/2001;01/01/1900 07:00;158.9;82
66250001;Rosario Oeste;02/03/2001;01/01/1900 07:00;159.8;53.3
66250001;Rosario Oeste;06/02/2001;01/01/1900 07:00;160.6;26.7
66250001;Rosario Oeste;05/01/2001;01/01/1900 07:00;135.6;44.7
66250001;Rosario Oeste;12/12/2000;01/01/1900 07:00;162.8;132
66250001;Rosario Oeste;08/11/2000;01/01/1900 07:00;158.4;158.7
66250001;Rosario Oeste;09/10/2000;01/01/1900 07:00;157.8;52.7
66250001;Rosario Oeste;07/09/2000;01/01/1900 07:00;157.2;
66250001;Rosario Oeste;10/08/2000;01/01/1900 07:00;157.2;27.3
66250001;Rosario Oeste;05/07/2000;01/01/1900 07:00;157.2;68.7
66250001;Rosario Oeste;08/06/2000;01/01/1900 07:00;157.2;45.3
66250001;Rosario Oeste;09/05/2000;01/01/1900 07:00;156.6;36.7
66250001;Rosario Oeste;27/04/2000;01/01/1900 07:00;156.3;48.7
66250001;Rosario Oeste;06/03/2000;01/01/1900 07:00;161.6;44
66250001;Rosario Oeste;07/02/2000;01/01/1900 07:00;163.7;195.7
66250001;Rosario Oeste;12/01/2000;01/01/1900 07:00;157.6;58
66250001;Rosario Oeste;17/12/1999;01/01/1900 07:00;158.6;50.7
66250001;Rosario Oeste;22/11/1999;01/01/1900 07:00;160.4;135.3
66250001;Rosario Oeste;12/10/1999;01/01/1900 07:00;159;15
66250001;Rosario Oeste;15/09/1999;01/01/1900 07:00;159;13
66460000;Acima do Corrego Grande;13/12/2019;01/01/1900 11:05;69.92;277.9
66460000;Acima do Corrego Grande;24/06/2019;01/01/1900 12:35;66.96;118.3
66460000;Acima do Corrego Grande;26/03/2019;01/01/1900 13:45;72.53;161.4
66460000;Acima do Corrego Grande;18/06/2018;01/01/1900 12:45;68.4;70.7
66460000;Acima do Corrego Grande;15/03/2018;01/01/1900 14:30;88.1;254.4
66460000;Acima do Corrego Grande;29/08/2017;01/01/1900 11:20;68.44;1261
66460000;Acima do Corrego Grande;02/06/2017;01/01/1900 11:45;67;58.7
66460000;Acima do Corrego Grande;24/03/2017;01/01/1900 12:25;86.46;481
66460000;Acima do Corrego Grande;17/10/2016;01/01/1900 11:51;72.86;102.7
66460000;Acima do Corrego Grande;24/06/2016;01/01/1900 12:18;71.49;47
66460000;Acima do Corrego Grande;23/10/2015;01/01/1900 11:15;69.67;49.6
66460000;Acima do Corrego Grande;17/06/2015;01/01/1900 14:10;71.05;46.7
66460000;Acima do Corrego Grande;16/03/2015;01/01/1900 11:48;87.83;364
66460000;Acima do Corrego Grande;21/10/2014;01/01/1900 13:16;70.98;176.4
66460000;Acima do Corrego Grande;19/06/2014;01/01/1900 11:55;73.37;89.5
66460000;Acima do Corrego Grande;21/03/2014;01/01/1900 12:05;82.2;336.7
66460000;Acima do Corrego Grande;16/10/2013;01/01/1900 11:14;70.78;111.1
66460000;Acima do Corrego Grande;28/06/2013;01/01/1900 13:30;72.29;141.8
66460000;Acima do Corrego Grande;10/04/2013;01/01/1900 12:22;78.56;266.2
66460000;Acima do Corrego Grande;10/08/2012;01/01/1900 12:33;66.8;86.4
66460000;Acima do Corrego Grande;29/02/2012;01/01/1900 14:00;72.02;273.4
66460000;Acima do Corrego Grande;02/12/2011;01/01/1900 11:15;72.9;57
66460000;Acima do Corrego Grande;25/08/2011;01/01/1900 12:25;70.2;39.54
66460000;Acima do Corrego Grande;04/05/2010;01/01/1900 12:30;72.3;169.97
66460000;Acima do Corrego Grande;04/05/2010;01/01/1900 10:08;72.3;169.97
66460000;Acima do Corrego Grande;21/01/2010;01/01/1900 14:35;82.3;293.2
66460000;Acima do Corrego Grande;15/10/2009;01/01/1900 11:40;71.7;47.68
66460000;Acima do Corrego Grande;17/07/2009;01/01/1900 12:45;74.8;77.25
66460000;Acima do Corrego Grande;19/03/2009;01/01/1900 14:40;77.4;252.7
66460000;Acima do Corrego Grande;19/09/2008;01/01/1900 13:25;71.1;70.79
66460000;Acima do Corrego Grande;20/06/2008;01/01/1900 13:10;72.8;118.69
66460000;Acima do Corrego Grande;20/11/2007;01/01/1900 13:40;71.6;243.84
66460000;Acima do Corrego Grande;03/08/2007;01/01/1900 14:30;70.5;43.02
66460000;Acima do Corrego Grande;24/04/2007;01/01/1900 12:20;73.5;192.77
66460000;Acima do Corrego Grande;10/07/2006;01/01/1900 14:00;74;1207.43
66460000;Acima do Corrego Grande;28/10/2005;01/01/1900 12:40;74.3;506.3
66460000;Acima do Corrego Grande;21/10/2004;01/01/1900 12:40;74.7;846.17
66460000;Acima do Corrego Grande;04/10/2003;01/01/1900 12:15;75.9;325.94
66460000;Acima do Corrego Grande;18/06/2003;01/01/1900 12:35;77.4;203.78
66460000;Acima do Corrego Grande;15/11/2002;01/01/1900 13:00;76.5;237.99
66460000;Acima do Corrego Grande;12/08/2002;01/01/1900 10:20;74.5;101.06
66460000;Acima do Corrego Grande;02/05/2002;01/01/1900 12:10;77.2;367.8
66460000;Acima do Corrego Grande;19/09/2001;01/01/1900 13:30;73.3;123.98
66460000;Acima do Corrego Grande;17/09/2001;01/01/1900 13:30;73.3;123.98
66460000;Acima do Corrego Grande;08/06/2001;01/01/1900 13:25;74.9;164.86
66460000;Acima do Corrego Grande;18/12/2000;01/01/1900 11:50;79;1872.93
66460000;Acima do Corrego Grande;14/09/2000;01/01/1900 13:10;75;286.89
66460000;Acima do Corrego Grande;07/07/2000;01/01/1900 12:40;73.9;101.44
66380000;Sao Pedro da Cipa;10/12/2019;01/01/1900 11:10;45.88;84.3
66380000;Sao Pedro da Cipa;17/06/2019;01/01/1900 11:55;45.28;23.3
66380000;Sao Pedro da Cipa;21/03/2019;01/01/1900 11:45;44.76;240.9
66380000;Sao Pedro da Cipa;21/06/2018;01/01/1900 11:20;41.4;24.3
66380000;Sao Pedro da Cipa;22/03/2018;01/01/1900 12:00;44.01;196.4
66380000;Sao Pedro da Cipa;06/09/2017;01/01/1900 10:25;40.92;9.4
66380000;Sao Pedro da Cipa;10/06/2017;01/01/1900 10:55;41.16;20.7
66380000;Sao Pedro da Cipa;15/03/2017;01/01/1900 12:29;43;122
66380000;Sao Pedro da Cipa;21/10/2016;01/01/1900 10:46;41.74;205.8
66380000;Sao Pedro da Cipa;21/06/2016;01/01/1900 10:05;42.68;6.7
66380000;Sao Pedro da Cipa;28/10/2015;01/01/1900 10:03;4214;85.9
66380000;Sao Pedro da Cipa;15/06/2015;01/01/1900 11:40;42.6;14
66380000;Sao Pedro da Cipa;18/03/2015;01/01/1900 11:20;48.09;1736
66380000;Sao Pedro da Cipa;20/10/2014;01/01/1900 10:29;41.35;39.4
66380000;Sao Pedro da Cipa;27/06/2014;01/01/1900 10:55;41.34;16.5
66380000;Sao Pedro da Cipa;25/03/2014;01/01/1900 11:55;46.93;927
66380000;Sao Pedro da Cipa;18/10/2013;01/01/1900 10:20;42.25;38.5
66380000;Sao Pedro da Cipa;24/06/2013;01/01/1900 11:28;42.84;18.2
66380000;Sao Pedro da Cipa;08/04/2013;01/01/1900 11:23;43.1;195.3
66380000;Sao Pedro da Cipa;02/06/2012;01/01/1900 11:06;43.9;586
66380000;Sao Pedro da Cipa;21/02/2012;01/01/1900 11:06;47.9;280.3
66380000;Sao Pedro da Cipa;17/10/2011;01/01/1900 13:50;45.7;25.92
66380000;Sao Pedro da Cipa;01/07/2010;01/01/1900 10:12;46.7;236.5
66380000;Sao Pedro da Cipa;11/03/2010;01/01/1900 12:00;47.4;217.5
66380000;Sao Pedro da Cipa;09/12/2009;01/01/1900 10:23;48.6;467.5
66380000;Sao Pedro da Cipa;20/08/2009;01/01/1900 10:55;48.6;12.72
66380000;Sao Pedro da Cipa;29/04/2009;01/01/1900 10:40;45.8;122.28
66380000;Sao Pedro da Cipa;20/10/2008;01/01/1900 09:05;44.92;205.86
66380000;Sao Pedro da Cipa;29/07/2008;01/01/1900 10:55;48;12.54
66380000;Sao Pedro da Cipa;31/03/2008;01/01/1900 12:00;43.3;279.41
66380000;Sao Pedro da Cipa;01/10/2007;01/01/1900 10:10;43.1;13.69
66380000;Sao Pedro da Cipa;24/08/2006;01/01/1900 09:48;43.5;11.3
66380000;Sao Pedro da Cipa;29/08/2005;01/01/1900 08:15;46.5;22.99
66380000;Sao Pedro da Cipa;29/11/2004;01/01/1900 09:30;47.2;0
66380000;Sao Pedro da Cipa;31/08/2004;01/01/1900 11:30;47;65.24
66380000;Sao Pedro da Cipa;31/10/2003;01/01/1900 10:15;49;470.46
66380000;Sao Pedro da Cipa;01/08/2003;01/01/1900 13:25;47.8;88.25
66380000;Sao Pedro da Cipa;10/04/2003;01/01/1900 08:55;48.8;921.64
66380000;Sao Pedro da Cipa;16/12/2002;01/01/1900 11:10;45.6;1188.78
66380000;Sao Pedro da Cipa;31/05/2002;01/01/1900 14:20;43.5;245.66
66380000;Sao Pedro da Cipa;04/02/2002;01/01/1900 11:10;43.8;406.79
66380000;Sao Pedro da Cipa;31/10/2001;01/01/1900 12:20;37.8;329.47
66380000;Sao Pedro da Cipa;11/07/2001;01/01/1900 12:20;37.8;41.92
66380000;Sao Pedro da Cipa;23/01/2001;01/01/1900 11:50;37.8;298.48
66380000;Sao Pedro da Cipa;18/10/2000;01/01/1900 12:40;39;228.77
66380000;Sao Pedro da Cipa;20/07/2000;01/01/1900 11:30;39.3;176.61
66380000;Sao Pedro da Cipa;18/05/2000;01/01/1900 13:00;;101.28
66380000;Sao Pedro da Cipa;20/01/2000;01/01/1900 10:40;40;314.22
66861000;PCH Ponte Alta Jusante;16/08/2012;01/01/1900 07:00;19.1;8
66861000;PCH Ponte Alta Jusante;24/07/2012;01/01/1900 07:00;19.1;6
66861000;PCH Ponte Alta Jusante;15/05/2012;01/01/1900 07:00;20.4;20
66861000;PCH Ponte Alta Jusante;26/02/2012;01/01/1900 07:00;20.3;
66861000;PCH Ponte Alta Jusante;14/12/2011;01/01/1900 07:00;20;23
66861000;PCH Ponte Alta Jusante;24/10/2011;01/01/1900 07:00;19.7;58
66861000;PCH Ponte Alta Jusante;26/07/2011;01/01/1900 07:00;19;34
66493900;PCH Aquarius Montante;10/10/2019;01/01/1900 10:35;29.61;6.8
66493900;PCH Aquarius Montante;09/07/2019;01/01/1900 14:13;29.45;8.44
66493900;PCH Aquarius Montante;12/04/2019;01/01/1900 10:37;29.45;14.07
66493900;PCH Aquarius Montante;18/01/2019;01/01/1900 10:12;29.46;5.88
66493900;PCH Aquarius Montante;16/10/2018;01/01/1900 14:18;29.46;7.05
66493900;PCH Aquarius Montante;06/07/2018;01/01/1900 10:02;29.49;3.82
66493900;PCH Aquarius Montante;03/04/2018;01/01/1900 16:12;30.77;5.51
66493900;PCH Aquarius Montante;24/01/2018;01/01/1900 14:35;29.46;6.53
66493900;PCH Aquarius Montante;04/10/2017;01/01/1900 14:12;29.32;3.83
66493900;PCH Aquarius Montante;26/07/2017;01/01/1900 14:16;29.4;4.47
66493900;PCH Aquarius Montante;25/04/2017;01/01/1900 14:55;29.4;7.1
66493900;PCH Aquarius Montante;26/01/2017;01/01/1900 14:28;29.4;5.72
66493900;PCH Aquarius Montante;04/10/2016;01/01/1900 15:30;29.4;4.81
66493900;PCH Aquarius Montante;06/07/2016;01/01/1900 17:06;29.4;3.45
66493900;PCH Aquarius Montante;27/04/2016;01/01/1900 09:45;29.4;6.33
66493900;PCH Aquarius Montante;28/01/2016;01/01/1900 09:15;29.4;2.34
66493900;PCH Aquarius Montante;27/10/2015;01/01/1900 15:00;29.4;3.36
66493900;PCH Aquarius Montante;29/07/2015;01/01/1900 16:50;29.4;1.39
66493900;PCH Aquarius Montante;07/04/2015;01/01/1900 16:00;29.4;18.47
66493900;PCH Aquarius Montante;13/01/2015;01/01/1900 15:30;29.4;1.31
66493900;PCH Aquarius Montante;07/10/2014;01/01/1900 15:57;29.4;2.22
66493900;PCH Aquarius Montante;10/07/2014;01/01/1900 15:45;29.4;2.23
66926000;Ponte do Grego;19/06/2019;01/01/1900 11:40;37.98;36.8
66926000;Ponte do Grego;22/03/2019;01/01/1900 11:10;45.62;461
66926000;Ponte do Grego;13/09/2018;01/01/1900 13:00;35.2;22.9
66926000;Ponte do Grego;13/06/2018;01/01/1900 11:46;38.98;46.4
66926000;Ponte do Grego;03/10/2017;01/01/1900 12:15;43.35;476
66926000;Ponte do Grego;19/06/2017;01/01/1900 12:40;40.39;70.9
66926000;Ponte do Grego;28/03/2017;01/01/1900 12:30;44.31;212.2
66926000;Ponte do Grego;21/10/2016;01/01/1900 13:10;45.68;261.6
66926000;Ponte do Grego;09/07/2016;01/01/1900 12:00;37.48;20.3
66926000;Ponte do Grego;30/10/2015;01/01/1900 11:20;35.59;67.7
66926000;Ponte do Grego;23/03/2015;01/01/1900 11:30;37.38;128.2
66926000;Ponte do Grego;10/11/2014;01/01/1900 12:00;39.5;235.6
66926000;Ponte do Grego;26/07/2014;01/01/1900 11:00;42.65;288.9
66926000;Ponte do Grego;21/03/2014;01/01/1900 13:45;43.3;220.6
66926000;Ponte do Grego;18/10/2013;01/01/1900 12:20;38.3;53.7
66926000;Ponte do Grego;02/08/2013;01/01/1900 11:35;35.53;15
66926000;Ponte do Grego;17/04/2013;01/01/1900 12:30;42.4;174.4
66926000;Ponte do Grego;10/08/2012;01/01/1900 11:40;38.7;25
66926000;Ponte do Grego;27/09/2011;01/01/1900 10:13;36.8;27.45
66926000;Ponte do Grego;01/07/2011;01/01/1900 10:10;41.7;49.01
66926000;Ponte do Grego;30/09/2010;01/01/1900 11:45;42;284.9
66926000;Ponte do Grego;26/05/2010;01/01/1900 14:20;41.1;99.73
66926000;Ponte do Grego;22/02/2010;01/01/1900 14:20;46.4;258.4
66926000;Ponte do Grego;21/11/2009;01/01/1900 10:00;37.7;48.4
66926000;Ponte do Grego;20/05/2009;01/01/1900 09:40;36.6;53.14
66926000;Ponte do Grego;20/10/2008;01/01/1900 11:25;38.2;135.88
66926000;Ponte do Grego;21/07/2008;01/01/1900 11:50;37.6;25.34
66926000;Ponte do Grego;30/03/2008;01/01/1900 15:50;40.8;148.42
66926000;Ponte do Grego;30/03/2008;01/01/1900 17:00;40.8;169.06
66926000;Ponte do Grego;20/09/2007;01/01/1900 16:30;36.9;29.12
66950000;Porto Ciriaco;29/10/2019;01/01/1900 10:20;62.33;66.6
66950000;Porto Ciriaco;19/07/2019;01/01/1900 12:40;51.67;49.5
66950000;Porto Ciriaco;26/04/2019;01/01/1900 12:00;58.87;62.7
66950000;Porto Ciriaco;22/10/2018;01/01/1900 11:40;53.53;90.7
66950000;Porto Ciriaco;23/07/2018;01/01/1900 15:00;51.55;37.2
66950000;Porto Ciriaco;19/04/2018;01/01/1900 11:10;76.14;10.7
66950000;Porto Ciriaco;12/10/2017;01/01/1900 11:00;63.7;13.1
66950000;Porto Ciriaco;10/07/2017;01/01/1900 11:00;62.78;61.2
66950000;Porto Ciriaco;22/04/2017;01/01/1900 10:40;76.82;45.6
66950000;Porto Ciriaco;12/11/2016;01/01/1900 11:30;65.41;87.3
66950000;Porto Ciriaco;09/08/2016;01/01/1900 12:20;50.78;50
66950000;Porto Ciriaco;23/11/2015;01/01/1900 10:20;66.09;62.2
66950000;Porto Ciriaco;26/08/2015;01/01/1900 15:10;44.81;60.9
66950000;Porto Ciriaco;20/04/2015;01/01/1900 10:00;64.56;313.3
66950000;Porto Ciriaco;16/11/2014;01/01/1900 12:30;50.13;133.5
66950000;Porto Ciriaco;29/08/2014;01/01/1900 13:40;44.2;67.1
66950000;Porto Ciriaco;22/04/2014;01/01/1900 11:00;71.31;13.4
66950000;Porto Ciriaco;02/11/2013;01/01/1900 10:40;64.64;126.3
66950000;Porto Ciriaco;03/08/2013;01/01/1900 14:30;46.7;41
66950000;Porto Ciriaco;03/05/2013;01/01/1900 11:15;77.73;20.7
66950000;Porto Ciriaco;12/12/2012;01/01/1900 11:40;47;74.8
66950000;Porto Ciriaco;19/06/2012;01/01/1900 10:00;75.7;487
66950000;Porto Ciriaco;28/03/2012;01/01/1900 12:40;47.4;91.3
66950000;Porto Ciriaco;20/10/2011;01/01/1900 13:40;49.8;142.14
66950000;Porto Ciriaco;27/07/2011;01/01/1900 14:40;46.1;50.36
66950000;Porto Ciriaco;08/10/2010;01/01/1900 13:20;51;99.84
66950000;Porto Ciriaco;13/07/2010;01/01/1900 13:30;45.6;50.52
66950000;Porto Ciriaco;25/03/2010;01/01/1900 13:00;42;21.25
66950000;Porto Ciriaco;18/09/2009;01/01/1900 12:10;45.7;60.28
66950000;Porto Ciriaco;19/06/2009;01/01/1900 11:50;47;77.12
66950000;Porto Ciriaco;24/11/2008;01/01/1900 12:15;44.1;49.32
66950000;Porto Ciriaco;21/08/2008;01/01/1900 13:20;45;54.7
66950000;Porto Ciriaco;22/10/2007;01/01/1900 11:50;44.7;62.06
66950000;Porto Ciriaco;26/06/2007;01/01/1900 12:30;45.7;34.06
66950000;Porto Ciriaco;27/09/2006;01/01/1900 11:50;47;65.03
66950000;Porto Ciriaco;21/09/2005;01/01/1900 11:50;45.2;54.26
66945000;Aquidauana;19/02/2020;01/01/1900 10:40;74.52;0
66945000;Aquidauana;11/11/2019;01/01/1900 09:05;70.52;85.9
66945000;Aquidauana;18/05/2019;01/01/1900 09:35;73.83;100.8
66945000;Aquidauana;18/02/2019;01/01/1900 11:10;83.14;191.8
66945000;Aquidauana;08/11/2018;01/01/1900 10:50;74.3;155.4
66945000;Aquidauana;17/05/2018;01/01/1900 09:35;67.7;109.5
66945000;Aquidauana;15/02/2018;01/01/1900 10:00;75.96;237.8
66945000;Aquidauana;02/08/2017;01/01/1900 09:35;70.95;22.4
66945000;Aquidauana;16/05/2017;01/01/1900 10:20;79;419.4
66945000;Aquidauana;13/02/2017;01/01/1900 10:05;74.36;39.9
66945000;Aquidauana;19/09/2016;01/01/1900 09:30;71.32;46.9
66945000;Aquidauana;09/06/2016;01/01/1900 09:25;75.5;177.3
66945000;Aquidauana;24/02/2016;01/01/1900 09:40;68.4;608
66945000;Aquidauana;07/10/2015;01/01/1900 16:35;72.28;131
66945000;Aquidauana;04/06/2015;01/01/1900 10:40;77.88;215.7
66945000;Aquidauana;12/02/2015;01/01/1900 09:55;70.35;155.2
66945000;Aquidauana;27/09/2014;01/01/1900 09:45;73.58;141.7
66945000;Aquidauana;10/06/2014;01/01/1900 09:50;76.4;196.6
66945000;Aquidauana;11/02/2014;01/01/1900 10:35;69.8;97.9
66945000;Aquidauana;17/09/2013;01/01/1900 09:40;65.32;96.1
66945000;Aquidauana;25/06/2013;01/01/1900 10:10;68.5;126.5
66945000;Aquidauana;09/03/2013;01/01/1900 10:50;71.21;153.9
66945000;Aquidauana;24/07/2012;01/01/1900 10:15;70.7;75.5
66945000;Aquidauana;24/04/2012;01/01/1900 10:10;74.7;337.6
66945000;Aquidauana;21/01/2012;01/01/1900 12:50;71.6;91.8
66945000;Aquidauana;01/09/2011;01/01/1900 10:00;68.8;19.33
66945000;Aquidauana;06/09/2010;01/01/1900 10:30;67;28.31
66945000;Aquidauana;10/05/2010;01/01/1900 11:45;69.1;141.91
66945000;Aquidauana;19/10/2009;01/01/1900 10:00;70.6;104.91
66945000;Aquidauana;20/07/2009;01/01/1900 09:00;66;52.29
66945000;Aquidauana;30/03/2009;01/01/1900 12:00;77.5;385.5
66945000;Aquidauana;15/09/2008;01/01/1900 12:40;68.7;59.49
66945000;Aquidauana;25/06/2008;01/01/1900 12:15;70.6;107.92
66945000;Aquidauana;27/11/2007;01/01/1900 10:20;67.4;125.34
66945000;Aquidauana;16/07/2007;01/01/1900 10:00;69.5;1652.86
66945000;Aquidauana;11/04/2007;01/01/1900 10:20;71.1;320.32
66945000;Aquidauana;13/07/2006;01/01/1900 09:30;68.6;326
66945000;Aquidauana;10/11/2005;01/01/1900 10:40;70.8;232.73
66945000;Aquidauana;25/07/2005;01/01/1900 11:40;69.5;107.09
66945000;Aquidauana;28/07/2004;01/01/1900 10:30;68.8;108.26
66945000;Aquidauana;13/10/2003;01/01/1900 11:50;78.7;758.5
66945000;Aquidauana;26/06/2003;01/01/1900 11:10;69.4;164.93
66945000;Aquidauana;04/03/2003;01/01/1900 11:25;73;217.74
66945000;Aquidauana;23/04/2002;01/01/1900 13:50;70;115.68
66945000;Aquidauana;02/10/2001;01/01/1900 11:30;71.1;167.62
66945000;Aquidauana;12/06/2001;01/01/1900 10:30;69.8;128.97
66945000;Aquidauana;20/09/2000;01/01/1900 10:10;68.4;121.32
66945000;Aquidauana;23/06/2000;01/01/1900 11:30;68.6;128.98
66945000;Aquidauana;30/03/2000;01/01/1900 10:20;72;356.77
66900000;Estrada MT-738;04/02/2020;01/01/1900 09:45;77.94;457
66900000;Estrada MT-738;08/11/2019;01/01/1900 10:10;65.38;75.5
66900000;Estrada MT-738;15/05/2019;01/01/1900 10:35;70.19;66.4
66900000;Estrada MT-738;14/02/2019;01/01/1900 12:30;71.31;57.1
66900000;Estrada MT-738;05/11/2018;01/01/1900 12:00;67.41;333.8
66900000;Estrada MT-738;12/05/2018;01/01/1900 10:45;67.4;100
66900000;Estrada MT-738;09/02/2018;01/01/1900 11:00;72.91;146.2
66900000;Estrada MT-738;28/07/2017;01/01/1900 10:55;68.38;7.5
66900000;Estrada MT-738;13/05/2017;01/01/1900 11:20;70.6;144
66900000;Estrada MT-738;08/02/2017;01/01/1900 12:15;71;300.1
66900000;Estrada MT-738;14/09/2016;01/01/1900 10:35;63.26;34.1
66900000;Estrada MT-738;04/06/2016;01/01/1900 13:00;60;163.3
66900000;Estrada MT-738;18/02/2016;01/01/1900 10:50;71.6;150.9
66900000;Estrada MT-738;03/10/2015;01/01/1900 09:50;72.77;447
66900000;Estrada MT-738;01/06/2015;01/01/1900 11:40;71.24;413
66900000;Estrada MT-738;07/02/2015;01/01/1900 11:10;71.58;687
66900000;Estrada MT-738;23/09/2014;01/01/1900 10:35;68.3;47.1
66900000;Estrada MT-738;04/06/2014;01/01/1900 11:55;68.61;147.8
66900000;Estrada MT-738;08/02/2014;01/01/1900 11:30;66.9;79
66900000;Estrada MT-738;12/09/2013;01/01/1900 10:55;66.9;122.3
66900000;Estrada MT-738;20/06/2013;01/01/1900 11:15;74.52;174.2
66900000;Estrada MT-738;08/03/2013;01/01/1900 11:30;38.06;44.4
66900000;Estrada MT-738;20/07/2012;01/01/1900 11:15;67.3;20.9
66900000;Estrada MT-738;21/04/2012;01/01/1900 11:15;67.1;101.3
66900000;Estrada MT-738;30/08/2011;01/01/1900 11:20;64.5;16.36
66900000;Estrada MT-738;07/09/2010;01/01/1900 11:30;65.8;12.57
66900000;Estrada MT-738;11/05/2010;01/01/1900 11:00;69;131.38
66900000;Estrada MT-738;20/10/2009;01/01/1900 11:40;72.5;341.5
66900000;Estrada MT-738;23/07/2009;01/01/1900 11:15;66.2;39.42
66900000;Estrada MT-738;28/03/2009;01/01/1900 12:00;69.4;359.2
66900000;Estrada MT-738;16/09/2008;01/01/1900 12:10;50.6;22.62
66900000;Estrada MT-738;26/06/2008;01/01/1900 14:00;43.7;25.57
66900000;Estrada MT-738;29/11/2007;01/01/1900 10:40;63.4;60.13
66900000;Estrada MT-738;19/07/2007;01/01/1900 12:00;63.3;23.73
66750000;Porto do Alegre;03/02/2020;01/01/1900 12:39;181.49;56.3
66750000;Porto do Alegre;22/11/2019;01/01/1900 09:35;174.35;84.8
66750000;Porto do Alegre;24/05/2019;01/01/1900 10:18;183.6;26.7
66750000;Porto do Alegre;19/02/2019;01/01/1900 10:12;179.3;38.3
66750000;Porto do Alegre;14/11/2018;01/01/1900 09:05;172.1;68.1
66750000;Porto do Alegre;17/05/2018;01/01/1900 09:52;183.8;15.1
66750000;Porto do Alegre;15/02/2018;01/01/1900 14:38;187.47;29.7
66750000;Porto do Alegre;30/10/2017;01/01/1900 10:44;169.11;95
66750000;Porto do Alegre;03/08/2017;01/01/1900 10:09;172.98;57.4
66750000;Porto do Alegre;03/06/2017;01/01/1900 10:05;176.23;50.2
66750000;Porto do Alegre;18/02/2017;01/01/1900 12:33;179.01;37.8
66750000;Porto do Alegre;15/09/2016;01/01/1900 10:44;168.57;51.1
66750000;Porto do Alegre;10/06/2016;01/01/1900 11:23;177.54;62.5
66750000;Porto do Alegre;24/02/2016;01/01/1900 13:46;174.35;38.5
66750000;Porto do Alegre;21/09/2015;01/01/1900 13:22;169.94;76.7
66750000;Porto do Alegre;10/06/2015;01/01/1900 17:45;181.5;25.5
66750000;Porto do Alegre;14/02/2015;01/01/1900 12:48;183.15;30.5
66750000;Porto do Alegre;28/09/2014;01/01/1900 10:18;170.64;75.5
66750000;Porto do Alegre;10/06/2014;01/01/1900 11:15;183.79;35
66750000;Porto do Alegre;13/02/2014;01/01/1900 13:15;181.38;36.3
66750000;Porto do Alegre;10/09/2013;01/01/1900 10:55;165.17;42.5
66750000;Porto do Alegre;01/06/2013;01/01/1900 11:00;181.9;40
66750000;Porto do Alegre;04/03/2013;01/01/1900 11:21;181.6;24.6
66750000;Porto do Alegre;20/07/2012;01/01/1900 11:15;173;51.4
66750000;Porto do Alegre;25/04/2012;01/01/1900 10:57;179.1;29.8
66750000;Porto do Alegre;25/11/2011;01/01/1900 12:14;176;110.1
66750000;Porto do Alegre;02/09/2011;01/01/1900 11:23;169;60.03
66750000;Porto do Alegre;07/05/2010;01/01/1900 10:30;178.9;36.81
66750000;Porto do Alegre;07/05/2010;01/01/1900 09:44;178.9;36.81
66750000;Porto do Alegre;31/01/2010;01/01/1900 10:12;179.2;58.94
66750000;Porto do Alegre;24/10/2009;01/01/1900 11:38;167.6;77.45
66750000;Porto do Alegre;28/07/2009;01/01/1900 12:12;170.3;65.6
66750000;Porto do Alegre;24/03/2009;01/01/1900 12:40;179.5;40.96
66750000;Porto do Alegre;30/09/2008;01/01/1900 11:05;167.2;74.43
66750000;Porto do Alegre;01/07/2008;01/01/1900 12:05;174.8;63.96
66750000;Porto do Alegre;29/11/2007;01/01/1900 12:10;171.5;81.86
66750000;Porto do Alegre;14/08/2007;01/01/1900 11:09;16.7;55.87
66750000;Porto do Alegre;18/04/2007;01/01/1900 10:50;167.1;29.24
66750000;Porto do Alegre;19/07/2006;01/01/1900 11:59;171.5;79.2
66750000;Porto do Alegre;08/11/2005;01/01/1900 11:40;170.7;223.95
66810000;Sao Francisco;21/10/2019;01/01/1900 16:40;366.47;39.2
66810000;Sao Francisco;14/07/2019;01/01/1900 13:10;292.47;6.7
66810000;Sao Francisco;19/04/2019;01/01/1900 14:45;304.66;23.9
66810000;Sao Francisco;13/07/2018;01/01/1900 14:30;344.95;8.7
66810000;Sao Francisco;29/04/2018;01/01/1900 14:20;357.91;15.4
66810000;Sao Francisco;18/10/2017;01/01/1900 08:00;338.02;34.6
66810000;Sao Francisco;08/07/2017;01/01/1900 11:20;350.2;1.1
66810000;Sao Francisco;18/04/2017;01/01/1900 13:25;343.57;28.5
66810000;Sao Francisco;17/11/2016;01/01/1900 14:40;278.79;52.6
66810000;Sao Francisco;15/08/2016;01/01/1900 14:20;285.95;39.6
66810000;Sao Francisco;28/11/2015;01/01/1900 15:10;288;42.8
66810000;Sao Francisco;29/08/2015;01/01/1900 14:40;305.34;23.4
66810000;Sao Francisco;24/04/2015;01/01/1900 14:20;352.34;17.4
66810000;Sao Francisco;13/11/2014;01/01/1900 14:10;305.2;63.7
66810000;Sao Francisco;22/08/2014;01/01/1900 13:00;351.35;12.3
66810000;Sao Francisco;16/04/2014;01/01/1900 13:30;337.88;29.3
66810000;Sao Francisco;11/11/2013;01/01/1900 14:20;286.39;52.4
66810000;Sao Francisco;09/08/2013;01/01/1900 14:00;299.8;20.2
66810000;Sao Francisco;10/05/2013;01/01/1900 11:10;365.32;21.5
66810000;Sao Francisco;07/12/2012;01/01/1900 13:50;297.76;49.8
66810000;Sao Francisco;25/06/2012;01/01/1900 14:40;351.9;16.4
66810000;Sao Francisco;03/04/2012;01/01/1900 14:00;314.83;26.9
66810000;Sao Francisco;22/07/2011;01/01/1900 15:00;293.38;10.09
66810000;Sao Francisco;14/10/2010;01/01/1900 14:30;303.32;57
66810000;Sao Francisco;20/07/2010;01/01/1900 16:10;289.74;27.81
66810000;Sao Francisco;24/09/2009;01/01/1900 14:30;306.64;0
66810000;Sao Francisco;26/06/2009;01/01/1900 15:01;326.02;15.31
66810000;Sao Francisco;29/11/2008;01/01/1900 15:45;292.1;69.37
66810000;Sao Francisco;30/08/2008;01/01/1900 12:34;314.41;20
66810000;Sao Francisco;24/05/2008;01/01/1900 12:48;328.23;5.94
66810000;Sao Francisco;31/10/2007;01/01/1900 11:50;289.82;53.8
66810000;Sao Francisco;01/07/2007;01/01/1900 12:20;323.63;12.03
66810000;Sao Francisco;01/06/2002;01/01/1900 15:30;326.79;69.19
66845000;Pedro Gomes;24/10/2019;01/01/1900 11:20;82.03;212.8
66845000;Pedro Gomes;22/07/2019;01/01/1900 12:50;79.63;170.5
66845000;Pedro Gomes;22/04/2019;01/01/1900 12:05;94.4;207.2
66845000;Pedro Gomes;13/02/2019;01/01/1900 12:15;76.39;259.7
66845000;Pedro Gomes;23/10/2018;01/01/1900 12:05;73.17;182.9
66845000;Pedro Gomes;13/07/2018;01/01/1900 12:30;81.7;284.6
66845000;Pedro Gomes;12/04/2018;01/01/1900 12:15;81.12;250.8
66845000;Pedro Gomes;27/10/2017;01/01/1900 09:05;74.85;185.2
66845000;Pedro Gomes;15/07/2017;01/01/1900 15:10;84.51;184.6
66845000;Pedro Gomes;18/04/2017;01/01/1900 16:35;92.27;194.3
66845000;Pedro Gomes;29/11/2016;01/01/1900 10:50;76.57;383
66845000;Pedro Gomes;22/08/2016;01/01/1900 11:40;83.11;726
66845000;Pedro Gomes;23/11/2015;01/01/1900 11:00;77.85;156.5
66845000;Pedro Gomes;14/08/2015;01/01/1900 11:45;78.19;219.8
66845000;Pedro Gomes;13/04/2015;01/01/1900 12:00;77.15;280
66845000;Pedro Gomes;21/11/2014;01/01/1900 12:20;78.54;228.6
66845000;Pedro Gomes;09/08/2014;01/01/1900 12:14;75.5;230.4
66845000;Pedro Gomes;16/04/2014;01/01/1900 12:12;78.33;667
66845000;Pedro Gomes;06/11/2013;01/01/1900 10:40;77.95;606
66845000;Pedro Gomes;03/08/2013;01/01/1900 12:18;75.68;189
66845000;Pedro Gomes;02/05/2013;01/01/1900 11:33;76.1;473
66845000;Pedro Gomes;08/12/2012;01/01/1900 12:40;77.94;248.9
66845000;Pedro Gomes;18/06/2012;01/01/1900 11:49;76.2;412.2
66845000;Pedro Gomes;22/03/2012;01/01/1900 11:43;75.5;421.1
66845000;Pedro Gomes;04/11/2011;01/01/1900 10:00;76;319.1
66845000;Pedro Gomes;03/08/2011;01/01/1900 10:30;76.8;153.37
66845000;Pedro Gomes;16/04/2011;01/01/1900 10:20;77.3;478.1
66845000;Pedro Gomes;18/10/2010;01/01/1900 13:20;75.1;114.36
66845000;Pedro Gomes;02/10/2009;01/01/1900 10:20;74.8;307.8
66845000;Pedro Gomes;23/06/2009;01/01/1900 11:50;74.4;278.1
66845000;Pedro Gomes;25/08/2008;01/01/1900 12:00;74.7;199.92
66845000;Pedro Gomes;20/05/2008;01/01/1900 13:30;75;285.13
66845000;Pedro Gomes;23/10/2007;01/01/1900 12:20;75;331.81
66845000;Pedro Gomes;03/07/2007;01/01/1900 11:10;74.5;228.16
66800000;Amolar;23/10/2019;01/01/1900 09:00;193.55;45.6
66800000;Amolar;14/07/2019;01/01/1900 17:20;225.4;21.5
66800000;Amolar;19/04/2019;01/01/1900 18:30;214.71;24.9
66800000;Amolar;13/07/2018;01/01/1900 17:20;226.49;37.5
66800000;Amolar;29/04/2018;01/01/1900 17:45;222.77;6.8
66800000;Amolar;17/10/2017;01/01/1900 18:20;203.25;64.7
66800000;Amolar;08/07/2017;01/01/1900 07:15;219.59;24.4
66800000;Amolar;19/04/2017;01/01/1900 09:55;221.3;24.9
66800000;Amolar;18/11/2016;01/01/1900 07:20;197.13;95.8
66800000;Amolar;15/08/2016;01/01/1900 17:45;214.73;30.4
66800000;Amolar;30/11/2015;01/01/1900 07:00;196.21;54.8
66800000;Amolar;29/08/2015;01/01/1900 19:45;219.24;19.2
66800000;Amolar;24/04/2015;01/01/1900 17:20;208.74;19.9
66800000;Amolar;13/11/2014;01/01/1900 17:40;205.65;68.2
66800000;Amolar;22/08/2014;01/01/1900 17:50;227.37;12.5
66800000;Amolar;16/04/2014;01/01/1900 18:10;220.6;15.8
66800000;Amolar;11/11/2013;01/01/1900 17:10;197;90.7
66800000;Amolar;09/08/2013;01/01/1900 17:20;203.1;26.2
66800000;Amolar;10/05/2013;01/01/1900 18:00;210.57;90.5
66800000;Amolar;08/12/2012;01/01/1900 10:00;212.92;63.3
66800000;Amolar;26/06/2012;01/01/1900 15:40;222.3;51.3
66800000;Amolar;03/04/2012;01/01/1900 18:40;222.28;44.1
66800000;Amolar;23/07/2011;01/01/1900 10:15;229.69;12.81
66800000;Amolar;15/10/2010;01/01/1900 16:45;213.03;53.73
66800000;Amolar;20/07/2010;01/01/1900 10:20;224.11;20.75
66800000;Amolar;05/04/2010;01/01/1900 12:00;232.88;19.32
66800000;Amolar;25/09/2009;01/01/1900 09:25;224.11;0
66800000;Amolar;27/06/2009;01/01/1900 10:47;235.72;18.64
66800000;Amolar;30/11/2008;01/01/1900 11:00;208.99;74.32
66800000;Amolar;29/08/2008;01/01/1900 10:55;223.41;25
66800000;Amolar;23/05/2008;01/01/1900 10:40;235.06;5.93
66800000;Amolar;30/10/2007;01/01/1900 11:30;206.51;72.8
66800000;Amolar;30/06/2007;01/01/1900 11:40;231.44;14.37
66870000;Coxim;19/07/2019;01/01/1900 12:50;151.7;118.9
66870000;Coxim;24/04/2019;01/01/1900 10:25;172.9;313.6
66870000;Coxim;15/02/2019;01/01/1900 10:55;164.14;1254
66870000;Coxim;19/10/2018;01/01/1900 11:25;156.86;176.9
66870000;Coxim;11/07/2018;01/01/1900 12:50;126;197.7
66870000;Coxim;16/04/2018;01/01/1900 10:55;106.15;1040
66870000;Coxim;29/10/2017;01/01/1900 09:40;99.75;52.63
66870000;Coxim;15/07/2017;01/01/1900 10:10;163.93;122.9
66870000;Coxim;28/11/2016;01/01/1900 09:40;140.25;200.1
66870000;Coxim;19/08/2016;01/01/1900 10:55;165.4;289
66870000;Coxim;20/11/2015;01/01/1900 10:20;159.18;330.9
66870000;Coxim;10/08/2015;01/01/1900 10:40;143.36;44
66870000;Coxim;14/04/2015;01/01/1900 09:32;174.15;11.4
66870000;Coxim;21/11/2014;01/01/1900 09:40;146.28;139.5
66870000;Coxim;11/08/2014;01/01/1900 09:39;159.6;232.4
66870000;Coxim;15/04/2014;01/01/1900 12:40;157;805
66870000;Coxim;07/11/2013;01/01/1900 11:05;162.6;477
66870000;Coxim;09/08/2013;01/01/1900 10:10;160.37;237.9
66870000;Coxim;29/04/2013;01/01/1900 12:16;155;327.3
66870000;Coxim;10/12/2012;01/01/1900 11:05;158.52;616
66870000;Coxim;26/03/2012;01/01/1900 11:39;140;844
66870000;Coxim;03/11/2011;01/01/1900 09:30;107.5;357.2
66870000;Coxim;02/08/2011;01/01/1900 10:15;74;544.4
66870000;Coxim;15/04/2011;01/01/1900 10:30;162.5;591.3
66870000;Coxim;21/10/2010;01/01/1900 12:00;144.3;188.5
66870000;Coxim;15/04/2010;01/01/1900 11:00;163.5;307.5
66870000;Coxim;28/09/2009;01/01/1900 09:55;144.3;211.4
66870000;Coxim;29/06/2009;01/01/1900 11:41;143;562.7
66870000;Coxim;21/08/2008;01/01/1900 10:40;141.8;251.75
66870000;Coxim;21/05/2008;01/01/1900 11:30;154;463.73
66870000;Coxim;24/10/2007;01/01/1900 11:30;157;370.27
66870000;Coxim;05/07/2007;01/01/1900 11:20;157;397.44
66870000;Coxim;29/09/2005;01/01/1900 11:00;164;0
66855000;Garimpagem;23/10/2019;01/01/1900 11:10;21.27;84.1
66855000;Garimpagem;23/07/2019;01/01/1900 12:40;24.57;60.6
66855000;Garimpagem;23/04/2019;01/01/1900 11:15;28;480
66855000;Garimpagem;14/02/2019;01/01/1900 12:35;25.04;494
66855000;Garimpagem;17/07/2018;01/01/1900 11:40;25.2;135.6
66855000;Garimpagem;28/10/2017;01/01/1900 10:50;23.22;51.9
66855000;Garimpagem;14/07/2017;01/01/1900 14:40;25.46;107.2
66855000;Garimpagem;26/11/2016;01/01/1900 12:40;25.29;273
66855000;Garimpagem;18/08/2016;01/01/1900 11:30;24.6;251
66855000;Garimpagem;24/11/2015;01/01/1900 10:55;21.49;98.1
66855000;Garimpagem;11/08/2015;01/01/1900 10:12;21.62;324.4
66855000;Garimpagem;15/04/2015;01/01/1900 10:15;26.89;1327
66855000;Garimpagem;20/11/2014;01/01/1900 10:30;25.15;281.7
66855000;Garimpagem;12/08/2014;01/01/1900 09:48;21.96;90.1
66855000;Garimpagem;18/04/2014;01/01/1900 12:20;26.72;1075
66855000;Garimpagem;08/11/2013;01/01/1900 10:03;21.7;252.6
66855000;Garimpagem;05/08/2013;01/01/1900 11:25;21.83;212.5
66855000;Garimpagem;30/04/2013;01/01/1900 11:20;23.9;382
66855000;Garimpagem;12/12/2012;01/01/1900 11:28;25.1;910
66855000;Garimpagem;21/06/2012;01/01/1900 12:02;23.8;258.5
66855000;Garimpagem;27/03/2012;01/01/1900 12:09;24.7;240.6
66855000;Garimpagem;02/11/2011;01/01/1900 10:15;23;563.9
66855000;Garimpagem;01/07/2011;01/01/1900 10:40;22;130.85
66855000;Garimpagem;14/04/2011;01/01/1900 11:20;26.5;438.1
66855000;Garimpagem;20/10/2010;01/01/1900 15:00;22.1;386
66855000;Garimpagem;14/04/2010;01/01/1900 11:35;24.2;353.2
66855000;Garimpagem;26/06/2009;01/01/1900 13:28;22.3;167.29
66855000;Garimpagem;22/08/2008;01/01/1900 12:10;21.5;201
66855000;Garimpagem;26/05/2008;01/01/1900 12:00;22.9;339.42
66855000;Garimpagem;25/10/2007;01/01/1900 11:40;24.5;978.61
66855000;Garimpagem;04/07/2007;01/01/1900 11:25;22;194.63
66895000;Porto da Manga;26/10/2019;01/01/1900 10:30;231.66;54.9
66895000;Porto da Manga;11/07/2019;01/01/1900 11:10;260.71;13.3
66895000;Porto da Manga;23/04/2019;01/01/1900 11:30;248.59;27.6
66895000;Porto da Manga;13/10/2018;01/01/1900 11:00;252.52;48.8
66895000;Porto da Manga;19/07/2018;01/01/1900 10:30;356.83;3.9
66895000;Porto da Manga;26/04/2018;01/01/1900 11:15;269.16;8.4
66895000;Porto da Manga;16/10/2017;01/01/1900 11:00;241.6;12.6
66895000;Porto da Manga;06/07/2017;01/01/1900 11:00;369.55;9
66895000;Porto da Manga;14/04/2017;01/01/1900 11:20;247.16;29.7
66895000;Porto da Manga;22/11/2016;01/01/1900 11:40;237.62;53.9
66895000;Porto da Manga;18/08/2016;01/01/1900 11:10;257.37;26.2
66895000;Porto da Manga;25/11/2015;01/01/1900 11:00;237.24;38.7
66895000;Porto da Manga;01/09/2015;01/01/1900 10:40;264.42;12.5
66895000;Porto da Manga;28/04/2015;01/01/1900 10:30;252.9;27.5
66895000;Porto da Manga;10/11/2014;01/01/1900 10:50;248.27;44.8
66895000;Porto da Manga;19/04/2014;01/01/1900 10:40;241.51;30.4
66895000;Porto da Manga;07/11/2013;01/01/1900 09:33;229.88;55.6
66895000;Porto da Manga;08/08/2013;01/01/1900 10:20;254.68;17.1
66895000;Porto da Manga;13/05/2013;01/01/1900 11:15;243.18;34.1
66895000;Porto da Manga;09/12/2012;01/01/1900 10:50;234.5;88.7
66895000;Porto da Manga;21/06/2012;01/01/1900 12:15;24.9;27.1
66895000;Porto da Manga;05/04/2012;01/01/1900 11:00;250.12;38.6
66895000;Porto da Manga;22/10/2011;01/01/1900 12:00;250.78;66.25
66895000;Porto da Manga;18/07/2011;01/01/1900 14:30;284.22;7.31
66895000;Porto da Manga;05/04/2011;01/01/1900 13:30;283.26;22.88
66895000;Porto da Manga;10/10/2010;01/01/1900 11:20;239.41;37.38
66895000;Porto da Manga;31/03/2010;01/01/1900 11:20;236.82;28.63
66895000;Porto da Manga;25/06/2009;01/01/1900 12:35;265.16;32.74
66895000;Porto da Manga;28/11/2008;01/01/1900 13:00;241.46;67.52
66895000;Porto da Manga;26/08/2008;01/01/1900 13:20;276.85;18.98
66895000;Porto da Manga;25/10/2007;01/01/1900 13:30;237.53;43.9
66910000;Miranda;30/10/2019;01/01/1900 09:00;53.31;92.4
66910000;Miranda;18/07/2019;01/01/1900 10:10;61.27;52.3
66910000;Miranda;15/04/2019;01/01/1900 10:20;70.16;64.9
66910000;Miranda;20/10/2018;01/01/1900 10:00;131.88;54.9
66910000;Miranda;21/07/2018;01/01/1900 09:20;57.93;32.4
66910000;Miranda;20/04/2018;01/01/1900 10:30;64.68;65.8
66910000;Miranda;13/10/2017;01/01/1900 10:05;55.6;93.1
66910000;Miranda;11/07/2017;01/01/1900 10:10;55.98;23.7
66910000;Miranda;23/04/2017;01/01/1900 10:05;63.83;177.6
66910000;Miranda;11/11/2016;01/01/1900 09:30;54.16;70.1
66910000;Miranda;08/08/2016;01/01/1900 10:40;60.59;45.6
66910000;Miranda;22/11/2015;01/01/1900 09:30;59.09;213.1
66910000;Miranda;25/08/2015;01/01/1900 09:30;55.12;42.8
66910000;Miranda;17/04/2015;01/01/1900 09:30;86.88;99.9
66910000;Miranda;17/11/2014;01/01/1900 09:45;88.65;283.4
66910000;Miranda;28/08/2014;01/01/1900 09:30;55.88;42.4
66910000;Miranda;23/04/2014;01/01/1900 10:15;61.79;111.8
66910000;Miranda;01/11/2013;01/01/1900 10:30;62.03;210.1
66910000;Miranda;05/08/2013;01/01/1900 10:40;58.5;56.6
66910000;Miranda;02/05/2013;01/01/1900 10:15;64.98;61.6
66910000;Miranda;13/12/2012;01/01/1900 09:20;59.11;89.8
66910000;Miranda;16/06/2012;01/01/1900 13:00;58;108
66910000;Miranda;27/03/2012;01/01/1900 11:35;60;210
66910000;Miranda;19/10/2011;01/01/1900 16:20;53.3;64.88
66910000;Miranda;28/07/2011;01/01/1900 09:50;55.6;49.09
66910000;Miranda;31/03/2011;01/01/1900 10:10;70.2;71.74
66910000;Miranda;07/10/2010;01/01/1900 10:30;52;93.37
66910000;Miranda;12/07/2010;01/01/1900 10:30;53.1;41.74
66910000;Miranda;26/03/2010;01/01/1900 10:20;68;190.32
66910000;Miranda;21/09/2009;01/01/1900 10:20;51.3;55.26
66910000;Miranda;20/06/2009;01/01/1900 10:20;50.5;109.17
66910000;Miranda;25/11/2008;01/01/1900 10:05;49;77.62
66910000;Miranda;22/08/2008;01/01/1900 10:35;51.1;60.29
66910000;Miranda;17/05/2008;01/01/1900 10:20;55.7;59.39
66910000;Miranda;23/10/2007;01/01/1900 10:45;50.6;86.16
66910000;Miranda;23/06/2007;01/01/1900 09:50;50.5;24.24
66910000;Miranda;25/09/2006;01/01/1900 12:30;50.5;67.36
66910000;Miranda;23/09/2005;01/01/1900 12:00;49;41.6
67100000;Porto Murtinho;15/11/2019;01/01/1900 08:50;249.64;56.3
67100000;Porto Murtinho;22/05/2019;01/01/1900 10:10;283.37;32.5
67100000;Porto Murtinho;25/02/2019;01/01/1900 10:35;250.83;60.1
67100000;Porto Murtinho;31/10/2018;01/01/1900 10:30;281.8;40.3
67100000;Porto Murtinho;21/05/2018;01/01/1900 10:10;277.6;47.4
67100000;Porto Murtinho;20/02/2018;01/01/1900 10:10;281.55;89.4
67100000;Porto Murtinho;07/08/2017;01/01/1900 11:00;278.16;47.7
67100000;Porto Murtinho;18/05/2017;01/01/1900 10:05;266;61.9
67100000;Porto Murtinho;17/02/2017;01/01/1900 10:10;255.62;13.9
67100000;Porto Murtinho;21/09/2016;01/01/1900 10:00;269.9;30.3
67100000;Porto Murtinho;14/06/2016;01/01/1900 10:00;281.26;14.7
67100000;Porto Murtinho;27/02/2016;01/01/1900 10:35;275;19.9
67100000;Porto Murtinho;29/09/2015;01/01/1900 10:30;275;28
67100000;Porto Murtinho;10/06/2015;01/01/1900 10:00;278.23;15.4
67100000;Porto Murtinho;17/02/2015;01/01/1900 10:05;265.43;34
67100000;Porto Murtinho;17/09/2014;01/01/1900 09:55;285.65;14.7
67100000;Porto Murtinho;13/06/2014;01/01/1900 10:00;292.36;17.8
67100000;Porto Murtinho;17/02/2014;01/01/1900 10:10;265;23.6
67100000;Porto Murtinho;21/09/2013;01/01/1900 10:20;271.32;24.5
67100000;Porto Murtinho;15/03/2013;01/01/1900 10:35;261.52;19.9
67100000;Porto Murtinho;27/07/2012;01/01/1900 10:45;272.8;17.1
67100000;Porto Murtinho;27/04/2012;01/01/1900 12:00;266.98;19.3
67100000;Porto Murtinho;11/09/2010;01/01/1900 11:00;275.01;27.7
67100000;Porto Murtinho;18/05/2010;01/01/1900 14:20;276.07;21.29
67100000;Porto Murtinho;24/10/2009;01/01/1900 12:40;281;37.7
67100000;Porto Murtinho;27/07/2009;01/01/1900 12:20;270.74;0.3
67100000;Porto Murtinho;25/03/2009;01/01/1900 12:30;270.39;23.06
67100000;Porto Murtinho;22/09/2008;01/01/1900 17:30;270.49;19.52
67100000;Porto Murtinho;04/07/2008;01/01/1900 09:30;287.89;27.43
67100000;Porto Murtinho;22/11/2007;01/01/1900 10:55;268.35;20.03
67100000;Porto Murtinho;23/07/2007;01/01/1900 10:30;297.95;24.43
67100000;Porto Murtinho;02/04/2007;01/01/1900 14:10;283.79;44.42
67100000;Porto Murtinho;19/07/2006;01/01/1900 11:15;273.01;29.65
67100000;Porto Murtinho;31/10/2005;01/01/1900 09:40;253.82;29.06
67100000;Porto Murtinho;13/07/2005;01/01/1900 12:40;270.59;27.36
67100000;Porto Murtinho;16/04/2002;01/01/1900 15:10;280.42;993.36
